pre_test_note_1,,,,,
mass (g),100.0,,,,
position (cm),11.0,,,,
==================================================================
Time,Strain A1,Strain A2,Strain B1,Strain B2,Current Time
0.0,0.2337646484375,0.2337646484375,0.13671875,0.13671875,22:05:30.506212
0.00603599999999993,0.234375,0.234375,0.1361083984375,0.1361083984375,22:05:30.507219
0.01205999999999996,0.23193359375,0.23193359375,0.135498046875,0.135498046875,22:05:30.507219
0.01808799999999877,0.2325439453125,0.2325439453125,0.13427734375,0.13427734375,22:05:30.508219
0.024123999999998702,0.233154296875,0.233154296875,0.1361083984375,0.1361083984375,22:05:30.510223
0.030159999999998632,0.234375,0.234375,0.1361083984375,0.1361083984375,22:05:30.510223
0.03619199999999978,0.233154296875,0.233154296875,0.1348876953125,0.1348876953125,22:05:30.510223
0.04221999999999859,0.2325439453125,0.2325439453125,0.135498046875,0.135498046875,22:05:30.510223
0.04824399999999862,0.233154296875,0.233154296875,0.1348876953125,0.1348876953125,22:05:30.510223
0.05427199999999921,0.233154296875,0.233154296875,0.1361083984375,0.1361083984375,22:05:30.510223
0.06030799999999914,0.2325439453125,0.2325439453125,0.13427734375,0.13427734375,22:05:30.511598
0.06633599999999973,0.2337646484375,0.2337646484375,0.13427734375,0.13427734375,22:05:30.511598
0.0723679999999991,0.234375,0.234375,0.1361083984375,0.1361083984375,22:05:30.511598
0.07840000000000025,0.233154296875,0.233154296875,0.135498046875,0.135498046875,22:05:30.511598
0.08444399999999952,0.234375,0.234375,0.1361083984375,0.1361083984375,22:05:30.511598
0.09046399999999899,0.2349853515625,0.2349853515625,0.1348876953125,0.1348876953125,22:05:30.511598
0.09649600000000014,0.2337646484375,0.2337646484375,0.1348876953125,0.1348876953125,22:05:30.512601
0.10251599999999961,0.2337646484375,0.2337646484375,0.135498046875,0.135498046875,22:05:30.512601
0.10853999999999964,0.233154296875,0.233154296875,0.1348876953125,0.1348876953125,22:05:30.512601
0.11458000000000013,0.2337646484375,0.2337646484375,0.1361083984375,0.1361083984375,22:05:30.512601
0.12060400000000016,0.234375,0.234375,0.1348876953125,0.1348876953125,22:05:30.512601
0.12663599999999953,0.234375,0.234375,0.1348876953125,0.1348876953125,22:05:30.512601
0.1326679999999989,0.234375,0.234375,0.13427734375,0.13427734375,22:05:30.513601
0.13870399999999883,0.2337646484375,0.2337646484375,0.135498046875,0.135498046875,22:05:30.513601
0.14473599999999998,0.2337646484375,0.2337646484375,0.1336669921875,0.1336669921875,22:05:30.513601
0.15076799999999935,0.2337646484375,0.2337646484375,0.135498046875,0.135498046875,22:05:30.513601
0.15678799999999882,0.2337646484375,0.2337646484375,0.1361083984375,0.1361083984375,22:05:30.513601
0.1628159999999994,0.234375,0.234375,0.1348876953125,0.1348876953125,22:05:30.513601
0.16885999999999868,0.234375,0.234375,0.1361083984375,0.1361083984375,22:05:30.514608
0.17488799999999927,0.2325439453125,0.2325439453125,0.1361083984375,0.1361083984375,22:05:30.514608
0.18091599999999985,0.234375,0.234375,0.13671875,0.13671875,22:05:30.514608
0.18694399999999867,0.2337646484375,0.2337646484375,0.1348876953125,0.1348876953125,22:05:30.514608
0.19298799999999972,0.2337646484375,0.2337646484375,0.1348876953125,0.1348876953125,22:05:30.514608
0.19901199999999974,0.233154296875,0.233154296875,0.1348876953125,0.1348876953125,22:05:30.515602
0.20504000000000033,0.2337646484375,0.2337646484375,0.1361083984375,0.1361083984375,22:05:30.515602
0.2110599999999998,0.234375,0.234375,0.1361083984375,0.1361083984375,22:05:30.515602
0.21708799999999862,0.233154296875,0.233154296875,0.135498046875,0.135498046875,22:05:30.515602
0.22313199999999966,0.2337646484375,0.2337646484375,0.1361083984375,0.1361083984375,22:05:30.516602
0.22916000000000025,0.2337646484375,0.2337646484375,0.135498046875,0.135498046875,22:05:30.516602
0.23519199999999962,0.2337646484375,0.2337646484375,0.135498046875,0.135498046875,22:05:30.516602
0.2412200000000002,0.2325439453125,0.2325439453125,0.1361083984375,0.1361083984375,22:05:30.516602
0.24725600000000014,0.2337646484375,0.2337646484375,0.135498046875,0.135498046875,22:05:30.516602
0.25328000000000017,0.233154296875,0.233154296875,0.13427734375,0.13427734375,22:05:30.516602
0.25931199999999954,0.234375,0.234375,0.13427734375,0.13427734375,22:05:30.516602
0.265331999999999,0.2325439453125,0.2325439453125,0.1361083984375,0.1361083984375,22:05:30.517601
0.27135599999999904,0.234375,0.234375,0.1348876953125,0.1348876953125,22:05:30.517601
0.27739599999999953,0.233154296875,0.233154296875,0.1348876953125,0.1348876953125,22:05:30.517601
0.2834240000000001,0.2337646484375,0.2337646484375,0.135498046875,0.135498046875,22:05:30.517601
0.2894439999999996,0.233154296875,0.233154296875,0.1348876953125,0.1348876953125,22:05:30.518608
0.2954720000000002,0.233154296875,0.233154296875,0.1361083984375,0.1361083984375,22:05:30.518608
0.30151599999999945,0.233154296875,0.233154296875,0.13427734375,0.13427734375,22:05:30.518608
0.3075519999999994,0.2325439453125,0.2325439453125,0.1348876953125,0.1348876953125,22:05:30.518608
0.31358399999999875,0.233154296875,0.233154296875,0.1348876953125,0.1348876953125,22:05:30.518608
0.319604,0.233154296875,0.233154296875,0.135498046875,0.135498046875,22:05:30.518608
0.32563999999999993,0.234375,0.234375,0.1348876953125,0.1348876953125,22:05:30.518608
0.3316839999999992,0.233154296875,0.233154296875,0.135498046875,0.135498046875,22:05:30.519881
0.33770799999999923,0.2337646484375,0.2337646484375,0.1361083984375,0.1361083984375,22:05:30.519881
0.3437359999999998,0.234375,0.234375,0.13427734375,0.13427734375,22:05:30.519881
0.34976399999999863,0.2337646484375,0.2337646484375,0.135498046875,0.135498046875,22:05:30.519881
0.35580000000000034,0.233154296875,0.233154296875,0.1361083984375,0.1361083984375,22:05:30.519881
0.3618239999999986,0.233154296875,0.233154296875,0.135498046875,0.135498046875,22:05:30.519881
0.3678519999999992,0.2337646484375,0.2337646484375,0.135498046875,0.135498046875,22:05:30.520893
0.3738759999999992,0.2337646484375,0.2337646484375,0.1361083984375,0.1361083984375,22:05:30.520893
0.3798959999999987,0.233154296875,0.233154296875,0.1348876953125,0.1348876953125,22:05:30.520893
0.38594799999999907,0.233154296875,0.233154296875,0.13427734375,0.13427734375,22:05:30.520893
0.39197599999999966,0.234375,0.234375,0.1348876953125,0.1348876953125,22:05:30.520893
0.39800400000000025,0.234375,0.234375,0.135498046875,0.135498046875,22:05:30.520893
0.40403199999999906,0.2337646484375,0.2337646484375,0.135498046875,0.135498046875,22:05:30.521893
0.410067999999999,0.2337646484375,0.2337646484375,0.135498046875,0.135498046875,22:05:30.521893
0.4160959999999996,0.233154296875,0.233154296875,0.135498046875,0.135498046875,22:05:30.521893
0.42212799999999895,0.233154296875,0.233154296875,0.13427734375,0.13427734375,22:05:30.521893
0.4281480000000002,0.2337646484375,0.2337646484375,0.135498046875,0.135498046875,22:05:30.521893
0.43416799999999967,0.2349853515625,0.2349853515625,0.135498046875,0.135498046875,22:05:30.521893
0.44020800000000015,0.2337646484375,0.2337646484375,0.13427734375,0.13427734375,22:05:30.522892
0.44623599999999897,0.2337646484375,0.2337646484375,0.1348876953125,0.1348876953125,22:05:30.522892
0.45226399999999956,0.234375,0.234375,0.1348876953125,0.1348876953125,22:05:30.522892
0.45829200000000014,0.234375,0.234375,0.135498046875,0.135498046875,22:05:30.522892
0.46433199999999886,0.2337646484375,0.2337646484375,0.135498046875,0.135498046875,22:05:30.522892
0.470364,0.234375,0.234375,0.1361083984375,0.1361083984375,22:05:30.523886
0.47639999999999993,0.234375,0.234375,0.13671875,0.13671875,22:05:30.523886
0.4824199999999994,0.2325439453125,0.2325439453125,0.1348876953125,0.1348876953125,22:05:30.523886
0.488448,0.234375,0.234375,0.13427734375,0.13427734375,22:05:30.523886
0.4944839999999999,0.234375,0.234375,0.1348876953125,0.1348876953125,22:05:30.523886
0.5005119999999987,0.234375,0.234375,0.135498046875,0.135498046875,22:05:30.524931
0.5065439999999999,0.234375,0.234375,0.1348876953125,0.1348876953125,22:05:30.524931
0.5125759999999993,0.233154296875,0.233154296875,0.1348876953125,0.1348876953125,22:05:30.524931
0.5186159999999997,0.2325439453125,0.2325439453125,0.135498046875,0.135498046875,22:05:30.524931
0.5246399999999998,0.233154296875,0.233154296875,0.1361083984375,0.1361083984375,22:05:30.524931
0.5306679999999986,0.233154296875,0.233154296875,0.1348876953125,0.1348876953125,22:05:30.524931
0.5366919999999986,0.233154296875,0.233154296875,0.1361083984375,0.1361083984375,22:05:30.525935
0.5427199999999992,0.2337646484375,0.2337646484375,0.13671875,0.13671875,22:05:30.525935
0.5487559999999991,0.233154296875,0.233154296875,0.135498046875,0.135498046875,22:05:30.525935
0.5547880000000003,0.2337646484375,0.2337646484375,0.13427734375,0.13427734375,22:05:30.525935
0.5608079999999998,0.2337646484375,0.2337646484375,0.1348876953125,0.1348876953125,22:05:30.525935
0.5668319999999998,0.2349853515625,0.2349853515625,0.1348876953125,0.1348876953125,22:05:30.525935
0.5728720000000003,0.234375,0.234375,0.135498046875,0.135498046875,22:05:30.525935
0.5789080000000002,0.234375,0.234375,0.1361083984375,0.1361083984375,22:05:30.526941
0.5849440000000001,0.2325439453125,0.2325439453125,0.1361083984375,0.1361083984375,22:05:30.526941
0.5909639999999996,0.2337646484375,0.2337646484375,0.135498046875,0.135498046875,22:05:30.526941
0.5969920000000002,0.234375,0.234375,0.1361083984375,0.1361083984375,22:05:30.526941
0.6030359999999995,0.234375,0.234375,0.1361083984375,0.1361083984375,22:05:30.526941
0.609064,0.234375,0.234375,0.1361083984375,0.1361083984375,22:05:30.526941
0.6150919999999989,0.233154296875,0.233154296875,0.1361083984375,0.1361083984375,22:05:30.526941
0.6211199999999995,0.23193359375,0.23193359375,0.1361083984375,0.1361083984375,22:05:30.526941
0.6271639999999987,0.2337646484375,0.2337646484375,0.13427734375,0.13427734375,22:05:30.528419
0.6331879999999988,0.2325439453125,0.2325439453125,0.135498046875,0.135498046875,22:05:30.528419
0.6392159999999993,0.2337646484375,0.2337646484375,0.135498046875,0.135498046875,22:05:30.528419
0.6452359999999988,0.2325439453125,0.2325439453125,0.135498046875,0.135498046875,22:05:30.528419
0.651268,0.234375,0.234375,0.1361083984375,0.1361083984375,22:05:30.528419
0.6573079999999987,0.2325439453125,0.2325439453125,0.1361083984375,0.1361083984375,22:05:30.528419
0.6633359999999993,0.234375,0.234375,0.13427734375,0.13427734375,22:05:30.529430
0.6693639999999998,0.233154296875,0.233154296875,0.1361083984375,0.1361083984375,22:05:30.529430
0.6753919999999987,0.2337646484375,0.2337646484375,0.1348876953125,0.1348876953125,22:05:30.529430
0.6814279999999986,0.234375,0.234375,0.135498046875,0.135498046875,22:05:30.529430
0.6874559999999992,0.2337646484375,0.2337646484375,0.135498046875,0.135498046875,22:05:30.529430
0.6934839999999998,0.234375,0.234375,0.13427734375,0.13427734375,22:05:30.529430
0.6995079999999998,0.233154296875,0.233154296875,0.135498046875,0.135498046875,22:05:30.529430
0.7055359999999986,0.233154296875,0.233154296875,0.1361083984375,0.1361083984375,22:05:30.530428
0.7115799999999997,0.2349853515625,0.2349853515625,0.135498046875,0.135498046875,22:05:30.530428
0.7176080000000002,0.2325439453125,0.2325439453125,0.1361083984375,0.1361083984375,22:05:30.530428
0.7236359999999991,0.233154296875,0.233154296875,0.13671875,0.13671875,22:05:30.530428
0.7296680000000002,0.2337646484375,0.2337646484375,0.1348876953125,0.1348876953125,22:05:30.530428
0.7357359999999993,0.233154296875,0.233154296875,0.1348876953125,0.1348876953125,22:05:30.530428
0.7418119999999995,0.2337646484375,0.2337646484375,0.1348876953125,0.1348876953125,22:05:30.530428
0.7478800000000003,0.2325439453125,0.2325439453125,0.1348876953125,0.1348876953125,22:05:30.530428
0.7539559999999987,0.233154296875,0.233154296875,0.1348876953125,0.1348876953125,22:05:30.531425
0.7600359999999995,0.2325439453125,0.2325439453125,0.1348876953125,0.1348876953125,22:05:30.531425
0.7661039999999986,0.2337646484375,0.2337646484375,0.135498046875,0.135498046875,22:05:30.531425
0.7721719999999994,0.234375,0.234375,0.1361083984375,0.1361083984375,22:05:30.531425
0.7782479999999996,0.234375,0.234375,0.1348876953125,0.1348876953125,22:05:30.531425
0.7843159999999987,0.2349853515625,0.2349853515625,0.1336669921875,0.1336669921875,22:05:30.532425
0.7904039999999988,0.233154296875,0.233154296875,0.135498046875,0.135498046875,22:05:30.532425
0.7964760000000002,0.233154296875,0.233154296875,0.1361083984375,0.1361083984375,22:05:30.532425
0.8025519999999986,0.2337646484375,0.2337646484375,0.135498046875,0.135498046875,22:05:30.532425
0.8086199999999995,0.2337646484375,0.2337646484375,0.1361083984375,0.1361083984375,22:05:30.532425
0.8146839999999997,0.2349853515625,0.2349853515625,0.1361083984375,0.1361083984375,22:05:30.532425
0.820748,0.234375,0.234375,0.1361083984375,0.1361083984375,22:05:30.533435
0.8268319999999996,0.234375,0.234375,0.1361083984375,0.1361083984375,22:05:30.533435
0.8328999999999986,0.2337646484375,0.2337646484375,0.1348876953125,0.1348876953125,22:05:30.533435
0.8389959999999999,0.233154296875,0.233154296875,0.1361083984375,0.1361083984375,22:05:30.533435
0.8450639999999989,0.2337646484375,0.2337646484375,0.1348876953125,0.1348876953125,22:05:30.533435
0.8511359999999986,0.234375,0.234375,0.1336669921875,0.1336669921875,22:05:30.533435
0.8572039999999994,0.2337646484375,0.2337646484375,0.135498046875,0.135498046875,22:05:30.534428
0.863275999999999,0.2337646484375,0.2337646484375,0.135498046875,0.135498046875,22:05:30.534428
0.8693479999999987,0.2337646484375,0.2337646484375,0.135498046875,0.135498046875,22:05:30.534428
0.8754279999999994,0.2325439453125,0.2325439453125,0.135498046875,0.135498046875,22:05:30.534428
0.881511999999999,0.2337646484375,0.2337646484375,0.135498046875,0.135498046875,22:05:30.534428
0.8875919999999997,0.2337646484375,0.2337646484375,0.135498046875,0.135498046875,22:05:30.534428
0.8936679999999999,0.2337646484375,0.2337646484375,0.135498046875,0.135498046875,22:05:30.534428
0.8997440000000001,0.2349853515625,0.2349853515625,0.135498046875,0.135498046875,22:05:30.535423
0.9058119999999992,0.2349853515625,0.2349853515625,0.1348876953125,0.1348876953125,22:05:30.535423
0.9118759999999995,0.2337646484375,0.2337646484375,0.13671875,0.13671875,22:05:30.535423
0.9179639999999996,0.234375,0.234375,0.1361083984375,0.1361083984375,22:05:30.535423
0.9240319999999986,0.2337646484375,0.2337646484375,0.1361083984375,0.1361083984375,22:05:30.535423
0.930104,0.2337646484375,0.2337646484375,0.1348876953125,0.1348876953125,22:05:30.535423
0.9361800000000002,0.234375,0.234375,0.135498046875,0.135498046875,22:05:30.535423
0.9422479999999993,0.234375,0.234375,0.135498046875,0.135498046875,22:05:30.536431
0.9483199999999989,0.234375,0.234375,0.1361083984375,0.1361083984375,22:05:30.536431
0.9543959999999991,0.2325439453125,0.2325439453125,0.1361083984375,0.1361083984375,22:05:30.536431
0.9604679999999988,0.233154296875,0.233154296875,0.135498046875,0.135498046875,22:05:30.536431
0.9665599999999994,0.234375,0.234375,0.1361083984375,0.1361083984375,22:05:30.536431
0.9726359999999996,0.2337646484375,0.2337646484375,0.1361083984375,0.1361083984375,22:05:30.536431
0.9787159999999986,0.2337646484375,0.2337646484375,0.135498046875,0.135498046875,22:05:30.536431
0.9847799999999989,0.2349853515625,0.2349853515625,0.135498046875,0.135498046875,22:05:30.537424
0.9908439999999992,0.2337646484375,0.2337646484375,0.135498046875,0.135498046875,22:05:30.537424
0.9969079999999995,0.234375,0.234375,0.135498046875,0.135498046875,22:05:30.537424
1.0029839999999997,0.234375,0.234375,0.1348876953125,0.1348876953125,22:05:30.537424
1.0090519999999987,0.2337646484375,0.2337646484375,0.135498046875,0.135498046875,22:05:30.537424
1.0151240000000001,0.234375,0.234375,0.1348876953125,0.1348876953125,22:05:30.537424
1.0211919999999992,0.233154296875,0.233154296875,0.1373291015625,0.1373291015625,22:05:30.537424
1.0272639999999988,0.234375,0.234375,0.13427734375,0.13427734375,22:05:30.539549
1.0333319999999997,0.2337646484375,0.2337646484375,0.1348876953125,0.1348876953125,22:05:30.543685
1.0394039999999993,0.234375,0.234375,0.1361083984375,0.1361083984375,22:05:30.552000
1.0454720000000002,0.2337646484375,0.2337646484375,0.13427734375,0.13427734375,22:05:30.556003
1.0515519999999992,0.233154296875,0.233154296875,0.13427734375,0.13427734375,22:05:30.564100
1.0576279999999993,0.233154296875,0.233154296875,0.135498046875,0.135498046875,22:05:30.568267
1.0637119999999989,0.233154296875,0.233154296875,0.1361083984375,0.1361083984375,22:05:30.576035
1.0697759999999992,0.233154296875,0.233154296875,0.135498046875,0.135498046875,22:05:30.580036
1.0758399999999995,0.2325439453125,0.2325439453125,0.1348876953125,0.1348876953125,22:05:30.588701
1.0819039999999998,0.2337646484375,0.2337646484375,0.135498046875,0.135498046875,22:05:30.592704
1.0879759999999994,0.233154296875,0.233154296875,0.13671875,0.13671875,22:05:30.600784
1.0940440000000002,0.2325439453125,0.2325439453125,0.1361083984375,0.1361083984375,22:05:30.605107
1.1001159999999999,0.233154296875,0.233154296875,0.1348876953125,0.1348876953125,22:05:30.613219
1.106183999999999,0.233154296875,0.233154296875,0.1348876953125,0.1348876953125,22:05:30.617219
1.1122559999999986,0.233154296875,0.233154296875,0.135498046875,0.135498046875,22:05:30.624766
1.1183239999999994,0.2325439453125,0.2325439453125,0.135498046875,0.135498046875,22:05:30.629682
1.124395999999999,0.234375,0.234375,0.13671875,0.13671875,22:05:30.637692
1.130464,0.2337646484375,0.2337646484375,0.13427734375,0.13427734375,22:05:30.641694
1.1365439999999989,0.235595703125,0.235595703125,0.1361083984375,0.1361083984375,22:05:30.650037
1.142619999999999,0.2337646484375,0.2337646484375,0.1361083984375,0.1361083984375,22:05:30.653829
1.1486999999999998,0.234375,0.234375,0.1348876953125,0.1348876953125,22:05:30.662099
1.154776,0.234375,0.234375,0.135498046875,0.135498046875,22:05:30.666401
1.160843999999999,0.2337646484375,0.2337646484375,0.135498046875,0.135498046875,22:05:30.674591
1.166912,0.2337646484375,0.2337646484375,0.135498046875,0.135498046875,22:05:30.678052
1.172979999999999,0.234375,0.234375,0.1361083984375,0.1361083984375,22:05:30.686052
1.1790599999999998,0.2349853515625,0.2349853515625,0.13671875,0.13671875,22:05:30.691060
1.1851279999999988,0.234375,0.234375,0.1348876953125,0.1348876953125,22:05:30.698199
1.191203999999999,0.2337646484375,0.2337646484375,0.1361083984375,0.1361083984375,22:05:30.703618
1.1972799999999992,0.2337646484375,0.2337646484375,0.1336669921875,0.1336669921875,22:05:30.711434
1.2033519999999989,0.2337646484375,0.2337646484375,0.1348876953125,0.1348876953125,22:05:30.715420
1.2094199999999997,0.2337646484375,0.2337646484375,0.1348876953125,0.1348876953125,22:05:30.723387
1.215496,0.2337646484375,0.2337646484375,0.1361083984375,0.1361083984375,22:05:30.727306
1.221563999999999,0.2337646484375,0.2337646484375,0.1361083984375,0.1361083984375,22:05:30.732311
1.227651999999999,0.2349853515625,0.2349853515625,0.135498046875,0.135498046875,22:05:30.740242
1.2337239999999987,0.2337646484375,0.2337646484375,0.1361083984375,0.1361083984375,22:05:30.744349
1.239799999999999,0.234375,0.234375,0.1361083984375,0.1361083984375,22:05:30.751947
1.2458639999999992,0.2337646484375,0.2337646484375,0.13427734375,0.13427734375,22:05:30.755956
1.2519279999999995,0.2337646484375,0.2337646484375,0.135498046875,0.135498046875,22:05:30.763959
1.2579919999999998,0.233154296875,0.233154296875,0.135498046875,0.135498046875,22:05:30.768923
1.2640759999999993,0.233154296875,0.233154296875,0.13671875,0.13671875,22:05:30.776920
1.2701440000000002,0.234375,0.234375,0.1361083984375,0.1361083984375,22:05:30.780926
1.2762159999999998,0.2337646484375,0.2337646484375,0.135498046875,0.135498046875,22:05:30.789338
1.2822879999999994,0.234375,0.234375,0.135498046875,0.135498046875,22:05:30.793357
1.2883560000000003,0.234375,0.234375,0.13671875,0.13671875,22:05:30.801758
1.2944359999999993,0.233154296875,0.233154296875,0.135498046875,0.135498046875,22:05:30.805763
1.300504,0.234375,0.234375,0.1348876953125,0.1348876953125,22:05:30.813260
1.3065719999999992,0.2325439453125,0.2325439453125,0.13427734375,0.13427734375,22:05:30.818068
1.3126679999999986,0.233154296875,0.233154296875,0.135498046875,0.135498046875,22:05:30.825758
1.3187439999999988,0.234375,0.234375,0.13671875,0.13671875,22:05:30.830195
1.3248160000000002,0.233154296875,0.233154296875,0.135498046875,0.135498046875,22:05:30.838193
1.3308799999999987,0.2337646484375,0.2337646484375,0.1361083984375,0.1361083984375,22:05:30.842652
1.336943999999999,0.234375,0.234375,0.135498046875,0.135498046875,22:05:30.849875
1.3430079999999993,0.2337646484375,0.2337646484375,0.1361083984375,0.1361083984375,22:05:30.854331
1.3491,0.23193359375,0.23193359375,0.1361083984375,0.1361083984375,22:05:30.862341
1.3551760000000002,0.2337646484375,0.2337646484375,0.1361083984375,0.1361083984375,22:05:30.867233
1.3612479999999998,0.2337646484375,0.2337646484375,0.1348876953125,0.1348876953125,22:05:30.874825
1.3673159999999989,0.234375,0.234375,0.1361083984375,0.1361083984375,22:05:30.879267
1.3733880000000003,0.234375,0.234375,0.135498046875,0.135498046875,22:05:30.887580
1.3794559999999993,0.2337646484375,0.2337646484375,0.1361083984375,0.1361083984375,22:05:30.891432
1.3855240000000002,0.2337646484375,0.2337646484375,0.13427734375,0.13427734375,22:05:30.899854
1.3915919999999993,0.234375,0.234375,0.1348876953125,0.1348876953125,22:05:30.903856
1.3976679999999995,0.2349853515625,0.2349853515625,0.135498046875,0.135498046875,22:05:30.911281
1.4037559999999996,0.2337646484375,0.2337646484375,0.1348876953125,0.1348876953125,22:05:30.916280
1.4098319999999998,0.233154296875,0.233154296875,0.1361083984375,0.1361083984375,22:05:30.923753
1.415908,0.2337646484375,0.2337646484375,0.135498046875,0.135498046875,22:05:30.928300
1.4219840000000001,0.2349853515625,0.2349853515625,0.1373291015625,0.1373291015625,22:05:30.932295
1.4280519999999992,0.233154296875,0.233154296875,0.135498046875,0.135498046875,22:05:30.940324
1.4341159999999995,0.2337646484375,0.2337646484375,0.1348876953125,0.1348876953125,22:05:30.945050
1.4402039999999996,0.233154296875,0.233154296875,0.135498046875,0.135498046875,22:05:30.953005
1.4462719999999987,0.233154296875,0.233154296875,0.135498046875,0.135498046875,22:05:30.957004
1.452344,0.2337646484375,0.2337646484375,0.1373291015625,0.1373291015625,22:05:30.965420
1.4584159999999997,0.2337646484375,0.2337646484375,0.135498046875,0.135498046875,22:05:30.969764
1.4644839999999988,0.234375,0.234375,0.135498046875,0.135498046875,22:05:30.977931
1.470559999999999,0.233154296875,0.233154296875,0.1361083984375,0.1361083984375,22:05:30.981934
1.4766359999999992,0.2337646484375,0.2337646484375,0.13671875,0.13671875,22:05:30.990062
1.482704,0.233154296875,0.233154296875,0.13427734375,0.13427734375,22:05:30.994204
1.488795999999999,0.234375,0.234375,0.1348876953125,0.1348876953125,22:05:31.002207
1.4948639999999997,0.234375,0.234375,0.135498046875,0.135498046875,22:05:31.006212
1.5009439999999987,0.233154296875,0.233154296875,0.1348876953125,0.1348876953125,22:05:31.014586
1.507007999999999,0.2337646484375,0.2337646484375,0.13671875,0.13671875,22:05:31.018588
1.5130719999999993,0.233154296875,0.233154296875,0.1361083984375,0.1361083984375,22:05:31.026683
1.5191400000000002,0.233154296875,0.233154296875,0.135498046875,0.135498046875,22:05:31.030680
1.5252280000000003,0.2337646484375,0.2337646484375,0.1348876953125,0.1348876953125,22:05:31.038680
1.5313039999999987,0.2337646484375,0.2337646484375,0.13671875,0.13671875,22:05:31.043498
1.537376,0.234375,0.234375,0.135498046875,0.135498046875,22:05:31.050718
1.5434439999999991,0.233154296875,0.233154296875,0.1361083984375,0.1361083984375,22:05:31.055718
1.5495159999999988,0.2337646484375,0.2337646484375,0.135498046875,0.135498046875,22:05:31.063315
1.5555839999999996,0.233154296875,0.233154296875,0.13671875,0.13671875,22:05:31.067308
1.5616519999999987,0.2337646484375,0.2337646484375,0.135498046875,0.135498046875,22:05:31.075823
1.5677199999999996,0.234375,0.234375,0.13427734375,0.13427734375,22:05:31.080198
1.5737959999999998,0.2337646484375,0.2337646484375,0.135498046875,0.135498046875,22:05:31.088268
1.5798839999999998,0.234375,0.234375,0.135498046875,0.135498046875,22:05:31.092524
1.5859639999999988,0.233154296875,0.233154296875,0.135498046875,0.135498046875,22:05:31.100524
1.5920360000000002,0.2337646484375,0.2337646484375,0.1348876953125,0.1348876953125,22:05:31.104781
1.5981119999999986,0.2349853515625,0.2349853515625,0.135498046875,0.135498046875,22:05:31.112401
1.6041799999999995,0.2337646484375,0.2337646484375,0.135498046875,0.135498046875,22:05:31.116493
1.6102439999999998,0.2337646484375,0.2337646484375,0.135498046875,0.135498046875,22:05:31.124736
1.6163359999999987,0.234375,0.234375,0.1348876953125,0.1348876953125,22:05:31.129356
1.6224039999999995,0.2337646484375,0.2337646484375,0.1361083984375,0.1361083984375,22:05:31.136445
1.6284759999999991,0.233154296875,0.233154296875,0.135498046875,0.135498046875,22:05:31.141459
1.6345479999999988,0.234375,0.234375,0.135498046875,0.135498046875,22:05:31.145469
1.6406159999999996,0.2337646484375,0.2337646484375,0.135498046875,0.135498046875,22:05:31.153922
1.6466839999999987,0.2325439453125,0.2325439453125,0.1348876953125,0.1348876953125,22:05:31.157926
1.6527560000000001,0.2337646484375,0.2337646484375,0.1348876953125,0.1348876953125,22:05:31.165935
1.6588239999999992,0.234375,0.234375,0.1361083984375,0.1361083984375,22:05:31.170318
1.6649239999999992,0.233154296875,0.233154296875,0.1348876953125,0.1348876953125,22:05:31.178434
1.6709999999999994,0.233154296875,0.233154296875,0.135498046875,0.135498046875,22:05:31.182932
1.677071999999999,0.233154296875,0.233154296875,0.1348876953125,0.1348876953125,22:05:31.189942
1.6831359999999993,0.233154296875,0.233154296875,0.13427734375,0.13427734375,22:05:31.194893
1.6892040000000001,0.2337646484375,0.2337646484375,0.135498046875,0.135498046875,22:05:31.202903
1.6952679999999987,0.2349853515625,0.2349853515625,0.13671875,0.13671875,22:05:31.206902
1.7013479999999994,0.234375,0.234375,0.1361083984375,0.1361083984375,22:05:31.214872
1.707419999999999,0.233154296875,0.233154296875,0.1348876953125,0.1348876953125,22:05:31.218884
1.7134919999999987,0.2325439453125,0.2325439453125,0.13427734375,0.13427734375,22:05:31.226886
1.7195599999999995,0.233154296875,0.233154296875,0.1348876953125,0.1348876953125,22:05:31.231748
1.7256319999999992,0.234375,0.234375,0.1348876953125,0.1348876953125,22:05:31.239777
1.7317,0.234375,0.234375,0.1361083984375,0.1361083984375,22:05:31.243780
1.7377719999999997,0.2337646484375,0.2337646484375,0.1361083984375,0.1361083984375,22:05:31.252148
1.7438399999999987,0.233154296875,0.233154296875,0.1361083984375,0.1361083984375,22:05:31.256212
1.7499199999999995,0.234375,0.234375,0.135498046875,0.135498046875,22:05:31.264244
1.7559959999999997,0.234375,0.234375,0.135498046875,0.135498046875,22:05:31.268488
1.7620759999999986,0.234375,0.234375,0.1348876953125,0.1348876953125,22:05:31.276690
1.7681519999999988,0.234375,0.234375,0.135498046875,0.135498046875,22:05:31.280987
1.7742240000000002,0.233154296875,0.233154296875,0.1361083984375,0.1361083984375,22:05:31.288989
1.7802879999999988,0.233154296875,0.233154296875,0.1361083984375,0.1361083984375,22:05:31.293250
1.7863559999999996,0.2325439453125,0.2325439453125,0.135498046875,0.135498046875,22:05:31.301270
1.7924359999999986,0.233154296875,0.233154296875,0.13427734375,0.13427734375,22:05:31.305610
1.7985039999999994,0.2337646484375,0.2337646484375,0.1348876953125,0.1348876953125,22:05:31.312974
1.8045719999999985,0.233154296875,0.233154296875,0.1348876953125,0.1348876953125,22:05:31.317087
1.8106519999999993,0.234375,0.234375,0.135498046875,0.135498046875,22:05:31.325846
1.8167200000000001,0.233154296875,0.233154296875,0.1348876953125,0.1348876953125,22:05:31.329349
1.8227879999999992,0.2325439453125,0.2325439453125,0.1348876953125,0.1348876953125,22:05:31.337787
1.8288639999999994,0.233154296875,0.233154296875,0.135498046875,0.135498046875,22:05:31.342388
1.8349320000000002,0.233154296875,0.233154296875,0.1361083984375,0.1361083984375,22:05:31.345769
1.841023999999999,0.234375,0.234375,0.1361083984375,0.1361083984375,22:05:31.354223
1.8470999999999993,0.2325439453125,0.2325439453125,0.1361083984375,0.1361083984375,22:05:31.358679
1.8531759999999995,0.233154296875,0.233154296875,0.135498046875,0.135498046875,22:05:31.366901
1.8592439999999986,0.2337646484375,0.2337646484375,0.135498046875,0.135498046875,22:05:31.371019
1.8653079999999989,0.233154296875,0.233154296875,0.135498046875,0.135498046875,22:05:31.379171
1.8713759999999997,0.2337646484375,0.2337646484375,0.135498046875,0.135498046875,22:05:31.383126
1.8774599999999992,0.2325439453125,0.2325439453125,0.1348876953125,0.1348876953125,22:05:31.391132
1.883528,0.233154296875,0.233154296875,0.1361083984375,0.1361083984375,22:05:31.395136
1.889619999999999,0.2337646484375,0.2337646484375,0.135498046875,0.135498046875,22:05:31.403715
1.8956879999999998,0.2337646484375,0.2337646484375,0.1361083984375,0.1361083984375,22:05:31.407086
1.9017599999999995,0.234375,0.234375,0.135498046875,0.135498046875,22:05:31.414871
1.9078279999999985,0.233154296875,0.233154296875,0.135498046875,0.135498046875,22:05:31.419355
1.9139,0.2337646484375,0.2337646484375,0.135498046875,0.135498046875,22:05:31.428362
1.919967999999999,0.2337646484375,0.2337646484375,0.135498046875,0.135498046875,22:05:31.432086
1.9260479999999998,0.233154296875,0.233154296875,0.1361083984375,0.1361083984375,22:05:31.440514
1.9321279999999987,0.233154296875,0.233154296875,0.135498046875,0.135498046875,22:05:31.444522
1.938203999999999,0.233154296875,0.233154296875,0.1361083984375,0.1361083984375,22:05:31.452842
1.9442799999999991,0.233154296875,0.233154296875,0.13671875,0.13671875,22:05:31.457027
1.9503519999999988,0.2337646484375,0.2337646484375,0.1361083984375,0.1361083984375,22:05:31.464871
1.956415999999999,0.23193359375,0.23193359375,0.1361083984375,0.1361083984375,22:05:31.469276
1.962484,0.233154296875,0.233154296875,0.135498046875,0.135498046875,22:05:31.477378
1.9685639999999989,0.233154296875,0.233154296875,0.13427734375,0.13427734375,22:05:31.481598
1.9746359999999985,0.233154296875,0.233154296875,0.13427734375,0.13427734375,22:05:31.489657
1.980708,0.233154296875,0.233154296875,0.135498046875,0.135498046875,22:05:31.493544
1.9867879999999989,0.2337646484375,0.2337646484375,0.1361083984375,0.1361083984375,22:05:31.502049
1.9928559999999997,0.234375,0.234375,0.1348876953125,0.1348876953125,22:05:31.506054
1.9989239999999988,0.233154296875,0.233154296875,0.13671875,0.13671875,22:05:31.514235
2.004999999999999,0.2325439453125,0.2325439453125,0.135498046875,0.135498046875,22:05:31.518449
2.011068,0.233154296875,0.233154296875,0.1348876953125,0.1348876953125,22:05:31.525645
2.017168,0.233154296875,0.233154296875,0.135498046875,0.135498046875,22:05:31.530819
2.023235999999999,0.2349853515625,0.2349853515625,0.13427734375,0.13427734375,22:05:31.538100
2.0293159999999997,0.2337646484375,0.2337646484375,0.1361083984375,0.1361083984375,22:05:31.543019
2.03538,0.233154296875,0.233154296875,0.13427734375,0.13427734375,22:05:31.551059
2.0414440000000003,0.2325439453125,0.2325439453125,0.135498046875,0.135498046875,22:05:31.554929
2.0475119999999993,0.2337646484375,0.2337646484375,0.135498046875,0.135498046875,22:05:31.559190
2.053592,0.234375,0.234375,0.1348876953125,0.1348876953125,22:05:31.567349
2.059659999999999,0.2337646484375,0.2337646484375,0.135498046875,0.135498046875,22:05:31.571705
2.06574,0.2337646484375,0.2337646484375,0.135498046875,0.135498046875,22:05:31.579115
2.071807999999999,0.234375,0.234375,0.13427734375,0.13427734375,22:05:31.584116
2.077876,0.234375,0.234375,0.13671875,0.13671875,22:05:31.592150
2.0839479999999995,0.234375,0.234375,0.135498046875,0.135498046875,22:05:31.596327
2.0900239999999997,0.233154296875,0.233154296875,0.1348876953125,0.1348876953125,22:05:31.604333
2.0960919999999987,0.233154296875,0.233154296875,0.1361083984375,0.1361083984375,22:05:31.608406
2.1021839999999994,0.2337646484375,0.2337646484375,0.135498046875,0.135498046875,22:05:31.616419
2.108264,0.2337646484375,0.2337646484375,0.13671875,0.13671875,22:05:31.620407
2.114343999999999,0.2337646484375,0.2337646484375,0.1361083984375,0.1361083984375,22:05:31.628884
2.1204159999999987,0.2337646484375,0.2337646484375,0.13427734375,0.13427734375,22:05:31.633256
2.126488,0.2337646484375,0.2337646484375,0.135498046875,0.135498046875,22:05:31.641362
2.1325519999999987,0.2325439453125,0.2325439453125,0.1348876953125,0.1348876953125,22:05:31.645359
2.1386199999999995,0.2337646484375,0.2337646484375,0.13671875,0.13671875,22:05:31.653038
2.144703999999999,0.2337646484375,0.2337646484375,0.135498046875,0.135498046875,22:05:31.657087
2.1507759999999987,0.2337646484375,0.2337646484375,0.135498046875,0.135498046875,22:05:31.665414
2.156863999999999,0.2349853515625,0.2349853515625,0.1348876953125,0.1348876953125,22:05:31.669866
2.1629319999999996,0.2337646484375,0.2337646484375,0.1348876953125,0.1348876953125,22:05:31.677388
2.1690039999999993,0.2337646484375,0.2337646484375,0.1348876953125,0.1348876953125,22:05:31.681393
2.175072,0.233154296875,0.233154296875,0.13427734375,0.13427734375,22:05:31.690340
2.1811479999999985,0.234375,0.234375,0.135498046875,0.135498046875,22:05:31.693953
2.1872159999999994,0.233154296875,0.233154296875,0.135498046875,0.135498046875,22:05:31.701963
2.193311999999999,0.2349853515625,0.2349853515625,0.13427734375,0.13427734375,22:05:31.706244
2.199399999999999,0.2337646484375,0.2337646484375,0.135498046875,0.135498046875,22:05:31.714937
2.205475999999999,0.2349853515625,0.2349853515625,0.1348876953125,0.1348876953125,22:05:31.718937
2.211544,0.234375,0.234375,0.135498046875,0.135498046875,22:05:31.727129
2.217611999999999,0.234375,0.234375,0.1348876953125,0.1348876953125,22:05:31.731467
2.22368,0.2337646484375,0.2337646484375,0.135498046875,0.135498046875,22:05:31.739095
2.229747999999999,0.2337646484375,0.2337646484375,0.13427734375,0.13427734375,22:05:31.743369
2.2358399999999996,0.234375,0.234375,0.1348876953125,0.1348876953125,22:05:31.751777
2.2419079999999987,0.2337646484375,0.2337646484375,0.135498046875,0.135498046875,22:05:31.755786
2.24798,0.234375,0.234375,0.135498046875,0.135498046875,22:05:31.764068
2.2540639999999996,0.2337646484375,0.2337646484375,0.1348876953125,0.1348876953125,22:05:31.768325
2.2601319999999987,0.2325439453125,0.2325439453125,0.13427734375,0.13427734375,22:05:31.772487
2.266207999999999,0.233154296875,0.233154296875,0.133056640625,0.133056640625,22:05:31.780531
2.2722799999999985,0.2337646484375,0.2337646484375,0.135498046875,0.135498046875,22:05:31.784012
2.2783479999999994,0.2337646484375,0.2337646484375,0.1361083984375,0.1361083984375,22:05:31.792639
2.284443999999999,0.2337646484375,0.2337646484375,0.1348876953125,0.1348876953125,22:05:31.796851
2.290519999999999,0.233154296875,0.233154296875,0.1348876953125,0.1348876953125,22:05:31.804852
2.2965919999999986,0.234375,0.234375,0.1361083984375,0.1361083984375,22:05:31.809210
2.3026599999999995,0.234375,0.234375,0.1361083984375,0.1361083984375,22:05:31.817119
2.3087239999999998,0.2337646484375,0.2337646484375,0.135498046875,0.135498046875,22:05:31.821118
2.314788,0.233154296875,0.233154296875,0.135498046875,0.135498046875,22:05:31.829696
2.320867999999999,0.233154296875,0.233154296875,0.1348876953125,0.1348876953125,22:05:31.834063
2.3269399999999987,0.233154296875,0.233154296875,0.1361083984375,0.1361083984375,22:05:31.841540
2.333012,0.233154296875,0.233154296875,0.1361083984375,0.1361083984375,22:05:31.846131
2.339079999999999,0.2325439453125,0.2325439453125,0.1361083984375,0.1361083984375,22:05:31.853578
2.345151999999999,0.234375,0.234375,0.135498046875,0.135498046875,22:05:31.857916
2.3512199999999996,0.2337646484375,0.2337646484375,0.1348876953125,0.1348876953125,22:05:31.866520
2.3572919999999993,0.234375,0.234375,0.135498046875,0.135498046875,22:05:31.870835
2.36336,0.234375,0.234375,0.1348876953125,0.1348876953125,22:05:31.878354
2.369439999999999,0.2325439453125,0.2325439453125,0.1348876953125,0.1348876953125,22:05:31.882790
2.3755319999999998,0.233154296875,0.233154296875,0.1348876953125,0.1348876953125,22:05:31.890414
2.3816119999999987,0.2337646484375,0.2337646484375,0.1361083984375,0.1361083984375,22:05:31.895268
2.387684,0.2337646484375,0.2337646484375,0.1348876953125,0.1348876953125,22:05:31.902729
2.3937599999999986,0.2337646484375,0.2337646484375,0.1348876953125,0.1348876953125,22:05:31.907734
2.3998279999999994,0.2337646484375,0.2337646484375,0.1361083984375,0.1361083984375,22:05:31.915414
2.4058919999999997,0.233154296875,0.233154296875,0.1361083984375,0.1361083984375,22:05:31.919601
2.4119759999999992,0.2337646484375,0.2337646484375,0.135498046875,0.135498046875,22:05:31.927614
2.418044,0.2337646484375,0.2337646484375,0.13671875,0.13671875,22:05:31.932615
2.4241199999999985,0.233154296875,0.233154296875,0.1348876953125,0.1348876953125,22:05:31.940207
2.430192,0.2337646484375,0.2337646484375,0.1348876953125,0.1348876953125,22:05:31.944209
2.436259999999999,0.233154296875,0.233154296875,0.1361083984375,0.1361083984375,22:05:31.952480
2.4423319999999986,0.234375,0.234375,0.1361083984375,0.1361083984375,22:05:31.956708
2.448404,0.234375,0.234375,0.1361083984375,0.1361083984375,22:05:31.964288
2.454471999999999,0.2337646484375,0.2337646484375,0.135498046875,0.135498046875,22:05:31.968542
2.460571999999999,0.234375,0.234375,0.1348876953125,0.1348876953125,22:05:31.976824
2.4666559999999986,0.2337646484375,0.2337646484375,0.13427734375,0.13427734375,22:05:31.981282
2.472731999999999,0.233154296875,0.233154296875,0.1361083984375,0.1361083984375,22:05:31.985398
2.478807999999999,0.233154296875,0.233154296875,0.1348876953125,0.1348876953125,22:05:31.993438
2.4848799999999986,0.234375,0.234375,0.135498046875,0.135498046875,22:05:31.997439
2.4909479999999995,0.234375,0.234375,0.135498046875,0.135498046875,22:05:32.005867
2.4970159999999986,0.2337646484375,0.2337646484375,0.1348876953125,0.1348876953125,22:05:32.010091
2.5031079999999992,0.233154296875,0.233154296875,0.135498046875,0.135498046875,22:05:32.018095
2.509176,0.2337646484375,0.2337646484375,0.135498046875,0.135498046875,22:05:32.022095
2.515264,0.2349853515625,0.2349853515625,0.135498046875,0.135498046875,22:05:32.030401
2.5213319999999992,0.2337646484375,0.2337646484375,0.135498046875,0.135498046875,22:05:32.033837
2.5274,0.2349853515625,0.2349853515625,0.1348876953125,0.1348876953125,22:05:32.042494
2.5334719999999997,0.234375,0.234375,0.1348876953125,0.1348876953125,22:05:32.046832
2.539548,0.233154296875,0.233154296875,0.1361083984375,0.1361083984375,22:05:32.054900
2.545615999999999,0.233154296875,0.233154296875,0.135498046875,0.135498046875,22:05:32.058963
2.5517079999999996,0.233154296875,0.233154296875,0.135498046875,0.135498046875,22:05:32.066375
2.5577879999999986,0.234375,0.234375,0.135498046875,0.135498046875,22:05:32.071395
2.5638679999999994,0.234375,0.234375,0.13427734375,0.13427734375,22:05:32.079510
2.5699439999999996,0.234375,0.234375,0.13671875,0.13671875,22:05:32.083519
2.5760119999999986,0.233154296875,0.233154296875,0.1361083984375,0.1361083984375,22:05:32.091520
2.5820799999999995,0.2337646484375,0.2337646484375,0.13427734375,0.13427734375,22:05:32.095974
2.5881479999999986,0.234375,0.234375,0.1361083984375,0.1361083984375,22:05:32.104117
2.5942279999999993,0.234375,0.234375,0.13427734375,0.13427734375,22:05:32.108249
2.600296,0.2349853515625,0.2349853515625,0.1348876953125,0.1348876953125,22:05:32.116175
2.6063839999999985,0.2337646484375,0.2337646484375,0.13671875,0.13671875,22:05:32.120186
2.6124639999999992,0.234375,0.234375,0.1348876953125,0.1348876953125,22:05:32.128631
2.618532,0.233154296875,0.233154296875,0.1361083984375,0.1361083984375,22:05:32.133076
2.6246079999999985,0.2337646484375,0.2337646484375,0.135498046875,0.135498046875,22:05:32.140153
2.6306839999999987,0.233154296875,0.233154296875,0.135498046875,0.135498046875,22:05:32.145119
2.6367519999999995,0.2337646484375,0.2337646484375,0.13427734375,0.13427734375,22:05:32.153180
2.642844,0.2325439453125,0.2325439453125,0.135498046875,0.135498046875,22:05:32.157196
2.648923999999999,0.2337646484375,0.2337646484375,0.13427734375,0.13427734375,22:05:32.165214
2.655004,0.234375,0.234375,0.1348876953125,0.1348876953125,22:05:32.169554
2.661071999999999,0.2337646484375,0.2337646484375,0.135498046875,0.135498046875,22:05:32.177735
2.66714,0.2325439453125,0.2325439453125,0.135498046875,0.135498046875,22:05:32.181707
2.6732119999999995,0.23193359375,0.23193359375,0.135498046875,0.135498046875,22:05:32.189970
2.679283999999999,0.234375,0.234375,0.1361083984375,0.1361083984375,22:05:32.194078
2.685364,0.2325439453125,0.2325439453125,0.1336669921875,0.1336669921875,22:05:32.198392
2.6914359999999995,0.2337646484375,0.2337646484375,0.13427734375,0.13427734375,22:05:32.206544
2.697507999999999,0.234375,0.234375,0.1361083984375,0.1361083984375,22:05:32.210554
2.703588,0.2337646484375,0.2337646484375,0.1348876953125,0.1348876953125,22:05:32.218555
2.709655999999999,0.2337646484375,0.2337646484375,0.1361083984375,0.1361083984375,22:05:32.222975
2.7157279999999986,0.234375,0.234375,0.1361083984375,0.1361083984375,22:05:32.230890
2.7218,0.2337646484375,0.2337646484375,0.13671875,0.13671875,22:05:32.235170
2.727867999999999,0.234375,0.234375,0.13671875,0.13671875,22:05:32.243281
2.733967999999999,0.233154296875,0.233154296875,0.1348876953125,0.1348876953125,22:05:32.247529
2.740036,0.2349853515625,0.2349853515625,0.13427734375,0.13427734375,22:05:32.255522
2.746115999999999,0.233154296875,0.233154296875,0.135498046875,0.135498046875,22:05:32.259958
2.752179999999999,0.2349853515625,0.2349853515625,0.1348876953125,0.1348876953125,22:05:32.267913
2.758248,0.2337646484375,0.2337646484375,0.1361083984375,0.1361083984375,22:05:32.272286
2.764315999999999,0.234375,0.234375,0.1361083984375,0.1361083984375,22:05:32.280178
2.7703999999999986,0.2337646484375,0.2337646484375,0.135498046875,0.135498046875,22:05:32.284184
2.776472,0.234375,0.234375,0.1348876953125,0.1348876953125,22:05:32.292511
2.78256,0.2337646484375,0.2337646484375,0.1361083984375,0.1361083984375,22:05:32.296344
2.788627999999999,0.233154296875,0.233154296875,0.135498046875,0.135498046875,22:05:32.304685
2.7947039999999994,0.2337646484375,0.2337646484375,0.13427734375,0.13427734375,22:05:32.308961
2.8007719999999985,0.2337646484375,0.2337646484375,0.135498046875,0.135498046875,22:05:32.316392
2.8068399999999993,0.233154296875,0.233154296875,0.1348876953125,0.1348876953125,22:05:32.321397
2.812908,0.233154296875,0.233154296875,0.1348876953125,0.1348876953125,22:05:32.329319
2.818987999999999,0.2325439453125,0.2325439453125,0.135498046875,0.135498046875,22:05:32.333518
2.82508,0.2337646484375,0.2337646484375,0.1361083984375,0.1361083984375,22:05:32.341656
2.831159999999999,0.233154296875,0.233154296875,0.1361083984375,0.1361083984375,22:05:32.345659
2.837235999999999,0.234375,0.234375,0.1348876953125,0.1348876953125,22:05:32.353881
2.8432999999999993,0.233154296875,0.233154296875,0.1348876953125,0.1348876953125,22:05:32.358103
2.849368,0.2337646484375,0.2337646484375,0.1348876953125,0.1348876953125,22:05:32.365487
2.8554319999999986,0.2325439453125,0.2325439453125,0.1348876953125,0.1348876953125,22:05:32.370485
2.861516,0.234375,0.234375,0.1361083984375,0.1361083984375,22:05:32.378435
2.867583999999999,0.2337646484375,0.2337646484375,0.1348876953125,0.1348876953125,22:05:32.382364
2.873659999999999,0.233154296875,0.233154296875,0.1348876953125,0.1348876953125,22:05:32.390537
2.879731999999999,0.2349853515625,0.2349853515625,0.1348876953125,0.1348876953125,22:05:32.394537
2.8857999999999997,0.233154296875,0.233154296875,0.13427734375,0.13427734375,22:05:32.402323
2.8918719999999993,0.233154296875,0.233154296875,0.1348876953125,0.1348876953125,22:05:32.407080
2.8979479999999995,0.234375,0.234375,0.135498046875,0.135498046875,22:05:32.411349
2.9040159999999986,0.233154296875,0.233154296875,0.1361083984375,0.1361083984375,22:05:32.419410
2.9101079999999993,0.233154296875,0.233154296875,0.1361083984375,0.1361083984375,22:05:32.423411
2.916191999999999,0.233154296875,0.233154296875,0.135498046875,0.135498046875,22:05:32.431793
2.922267999999999,0.234375,0.234375,0.1361083984375,0.1361083984375,22:05:32.436092
2.928343999999999,0.233154296875,0.233154296875,0.13427734375,0.13427734375,22:05:32.444092
2.934415999999999,0.2337646484375,0.2337646484375,0.1348876953125,0.1348876953125,22:05:32.448096
2.940479999999999,0.2337646484375,0.2337646484375,0.135498046875,0.135498046875,22:05:32.456344
2.9465519999999987,0.2337646484375,0.2337646484375,0.135498046875,0.135498046875,22:05:32.460351
2.952627999999999,0.2337646484375,0.2337646484375,0.135498046875,0.135498046875,22:05:32.468398
2.9586959999999998,0.233154296875,0.233154296875,0.13427734375,0.13427734375,22:05:32.472791
2.964772,0.234375,0.234375,0.1361083984375,0.1361083984375,22:05:32.480382
2.970851999999999,0.2337646484375,0.2337646484375,0.1348876953125,0.1348876953125,22:05:32.484377
2.97692,0.2349853515625,0.2349853515625,0.13671875,0.13671875,22:05:32.492417
2.982987999999999,0.2337646484375,0.2337646484375,0.135498046875,0.135498046875,22:05:32.497360
2.989063999999999,0.2337646484375,0.2337646484375,0.135498046875,0.135498046875,22:05:32.505434
2.995132,0.233154296875,0.233154296875,0.13671875,0.13671875,22:05:32.509435
3.00122,0.233154296875,0.233154296875,0.135498046875,0.135498046875,22:05:32.517744
3.007296,0.233154296875,0.233154296875,0.135498046875,0.135498046875,22:05:32.521927
3.013375999999999,0.2337646484375,0.2337646484375,0.135498046875,0.135498046875,22:05:32.529195
3.019444,0.233154296875,0.233154296875,0.1361083984375,0.1361083984375,22:05:32.534201
3.0255079999999985,0.233154296875,0.233154296875,0.1348876953125,0.1348876953125,22:05:32.542291
3.0315839999999987,0.2337646484375,0.2337646484375,0.135498046875,0.135498046875,22:05:32.546545
3.037668,0.2325439453125,0.2325439453125,0.1348876953125,0.1348876953125,22:05:32.553776
3.043735999999999,0.234375,0.234375,0.1348876953125,0.1348876953125,22:05:32.558776
3.049823999999999,0.233154296875,0.233154296875,0.13427734375,0.13427734375,22:05:32.566864
3.055892,0.233154296875,0.233154296875,0.135498046875,0.135498046875,22:05:32.571000
3.0619639999999997,0.234375,0.234375,0.1361083984375,0.1361083984375,22:05:32.578501
3.0680319999999988,0.234375,0.234375,0.135498046875,0.135498046875,22:05:32.583503
3.074104,0.2325439453125,0.2325439453125,0.1361083984375,0.1361083984375,22:05:32.591415
3.0801719999999992,0.233154296875,0.233154296875,0.13427734375,0.13427734375,22:05:32.595417
3.086252,0.234375,0.234375,0.13671875,0.13671875,22:05:32.603610
3.0923359999999995,0.233154296875,0.233154296875,0.135498046875,0.135498046875,22:05:32.608113
3.0984159999999985,0.233154296875,0.233154296875,0.1348876953125,0.1348876953125,22:05:32.615005
3.1044919999999987,0.234375,0.234375,0.1361083984375,0.1361083984375,22:05:32.619490
3.1105599999999995,0.233154296875,0.233154296875,0.135498046875,0.135498046875,22:05:32.623491
3.1166279999999986,0.234375,0.234375,0.13671875,0.13671875,22:05:32.632592
3.122691999999999,0.2337646484375,0.2337646484375,0.13671875,0.13671875,22:05:32.636607
3.1287759999999984,0.233154296875,0.233154296875,0.13671875,0.13671875,22:05:32.644409
3.134848,0.233154296875,0.233154296875,0.1361083984375,0.1361083984375,22:05:32.648417
3.1409199999999995,0.2337646484375,0.2337646484375,0.135498046875,0.135498046875,22:05:32.657045
3.1469959999999997,0.234375,0.234375,0.1361083984375,0.1361083984375,22:05:32.661199
3.1530639999999988,0.234375,0.234375,0.1348876953125,0.1348876953125,22:05:32.668638
3.159136,0.233154296875,0.233154296875,0.135498046875,0.135498046875,22:05:32.673633
3.1652119999999986,0.234375,0.234375,0.1361083984375,0.1361083984375,22:05:32.681621
3.1712799999999994,0.234375,0.234375,0.135498046875,0.135498046875,22:05:32.685441
3.177375999999999,0.233154296875,0.233154296875,0.1348876953125,0.1348876953125,22:05:32.693451
3.1834559999999996,0.2337646484375,0.2337646484375,0.13427734375,0.13427734375,22:05:32.697451
3.189532,0.233154296875,0.233154296875,0.135498046875,0.135498046875,22:05:32.706172
3.195608,0.2349853515625,0.2349853515625,0.1348876953125,0.1348876953125,22:05:32.710185
3.2016799999999996,0.233154296875,0.233154296875,0.1361083984375,0.1361083984375,22:05:32.718186
3.2077479999999987,0.2349853515625,0.2349853515625,0.135498046875,0.135498046875,22:05:32.722641
3.213811999999999,0.233154296875,0.233154296875,0.1348876953125,0.1348876953125,22:05:32.730652
3.2198919999999998,0.2337646484375,0.2337646484375,0.1348876953125,0.1348876953125,22:05:32.734652
3.225959999999999,0.233154296875,0.233154296875,0.13427734375,0.13427734375,22:05:32.742992
3.2320319999999985,0.2349853515625,0.2349853515625,0.135498046875,0.135498046875,22:05:32.747196
3.238111999999999,0.2325439453125,0.2325439453125,0.1361083984375,0.1361083984375,22:05:32.754446
3.24418,0.2337646484375,0.2337646484375,0.1348876953125,0.1348876953125,22:05:32.759445
3.250247999999999,0.2337646484375,0.2337646484375,0.1361083984375,0.1361083984375,22:05:32.767557
3.2563199999999988,0.2337646484375,0.2337646484375,0.135498046875,0.135498046875,22:05:32.771769
3.262392,0.2325439453125,0.2325439453125,0.1348876953125,0.1348876953125,22:05:32.779827
3.2684799999999985,0.233154296875,0.233154296875,0.13427734375,0.13427734375,22:05:32.783253
3.2745559999999987,0.2337646484375,0.2337646484375,0.1348876953125,0.1348876953125,22:05:32.792116
3.280631999999999,0.234375,0.234375,0.1361083984375,0.1361083984375,22:05:32.796344
3.2866999999999997,0.2337646484375,0.2337646484375,0.135498046875,0.135498046875,22:05:32.803916
3.292764,0.2337646484375,0.2337646484375,0.1348876953125,0.1348876953125,22:05:32.807925
3.2988279999999985,0.2337646484375,0.2337646484375,0.1361083984375,0.1361083984375,22:05:32.816661
3.3049159999999986,0.2337646484375,0.2337646484375,0.1361083984375,0.1361083984375,22:05:32.820967
3.3109839999999995,0.2325439453125,0.2325439453125,0.135498046875,0.135498046875,22:05:32.828470
3.317055999999999,0.2337646484375,0.2337646484375,0.135498046875,0.135498046875,22:05:32.833203
3.323124,0.233154296875,0.233154296875,0.135498046875,0.135498046875,22:05:32.836670
3.329191999999999,0.233154296875,0.233154296875,0.1361083984375,0.1361083984375,22:05:32.845674
3.3352639999999987,0.2325439453125,0.2325439453125,0.1361083984375,0.1361083984375,22:05:32.849674
3.341339999999999,0.234375,0.234375,0.1361083984375,0.1361083984375,22:05:32.857079
3.3474079999999997,0.2349853515625,0.2349853515625,0.1348876953125,0.1348876953125,22:05:32.861863
3.353503999999999,0.2337646484375,0.2337646484375,0.135498046875,0.135498046875,22:05:32.870135
3.3595799999999993,0.2337646484375,0.2337646484375,0.135498046875,0.135498046875,22:05:32.874135
3.36566,0.2349853515625,0.2349853515625,0.135498046875,0.135498046875,22:05:32.882079
3.371739999999999,0.2337646484375,0.2337646484375,0.1361083984375,0.1361083984375,22:05:32.886083
3.3778119999999987,0.234375,0.234375,0.1361083984375,0.1361083984375,22:05:32.894090
3.383875999999999,0.2337646484375,0.2337646484375,0.1361083984375,0.1361083984375,22:05:32.898750
3.389944,0.233154296875,0.233154296875,0.1361083984375,0.1361083984375,22:05:32.906868
3.3960279999999994,0.2337646484375,0.2337646484375,0.1348876953125,0.1348876953125,22:05:32.910875
3.402099999999999,0.2337646484375,0.2337646484375,0.1348876953125,0.1348876953125,22:05:32.918878
3.408187999999999,0.2337646484375,0.2337646484375,0.1361083984375,0.1361083984375,22:05:32.923324
3.4142599999999987,0.234375,0.234375,0.135498046875,0.135498046875,22:05:32.931421
3.420332,0.2325439453125,0.2325439453125,0.1361083984375,0.1361083984375,22:05:32.935429
3.4263999999999992,0.234375,0.234375,0.1348876953125,0.1348876953125,22:05:32.943429
3.4324759999999994,0.233154296875,0.233154296875,0.1348876953125,0.1348876953125,22:05:32.947895
3.4385439999999985,0.233154296875,0.233154296875,0.1361083984375,0.1361083984375,22:05:32.955333
3.4446399999999997,0.234375,0.234375,0.135498046875,0.135498046875,22:05:32.960332
3.4507319999999986,0.2337646484375,0.2337646484375,0.1361083984375,0.1361083984375,22:05:32.968338
3.4568119999999993,0.234375,0.234375,0.1361083984375,0.1361083984375,22:05:32.972524
3.4628879999999995,0.2337646484375,0.2337646484375,0.135498046875,0.135498046875,22:05:32.979703
3.468959999999999,0.2325439453125,0.2325439453125,0.1361083984375,0.1361083984375,22:05:32.984251
3.475028,0.2337646484375,0.2337646484375,0.1348876953125,0.1348876953125,22:05:32.992813
3.4810919999999985,0.2337646484375,0.2337646484375,0.1361083984375,0.1361083984375,22:05:32.996815
3.487176,0.2337646484375,0.2337646484375,0.1348876953125,0.1348876953125,22:05:33.004822
3.4932479999999995,0.235595703125,0.235595703125,0.135498046875,0.135498046875,22:05:33.009325
3.499319999999999,0.2337646484375,0.2337646484375,0.13671875,0.13671875,22:05:33.016528
3.5053959999999993,0.2325439453125,0.2325439453125,0.13427734375,0.13427734375,22:05:33.021533
3.511464,0.233154296875,0.233154296875,0.135498046875,0.135498046875,22:05:33.029664
3.5175359999999998,0.2325439453125,0.2325439453125,0.1361083984375,0.1361083984375,22:05:33.033101
3.523612,0.2337646484375,0.2337646484375,0.13427734375,0.13427734375,22:05:33.041469
3.5296839999999996,0.2337646484375,0.2337646484375,0.13427734375,0.13427734375,22:05:33.046182
3.5357759999999985,0.2337646484375,0.2337646484375,0.1361083984375,0.1361083984375,22:05:33.049808
3.5418519999999987,0.233154296875,0.233154296875,0.135498046875,0.135498046875,22:05:33.057823
3.5479319999999994,0.233154296875,0.233154296875,0.13671875,0.13671875,22:05:33.062827
3.5539959999999997,0.2349853515625,0.2349853515625,0.13671875,0.13671875,22:05:33.070958
3.56006,0.2337646484375,0.2337646484375,0.135498046875,0.135498046875,22:05:33.074968
3.5661239999999985,0.234375,0.234375,0.1361083984375,0.1361083984375,22:05:33.082477
3.5721999999999987,0.233154296875,0.233154296875,0.1361083984375,0.1361083984375,22:05:33.087156
3.5782679999999996,0.2337646484375,0.2337646484375,0.135498046875,0.135498046875,22:05:33.095289
3.584339999999999,0.233154296875,0.233154296875,0.135498046875,0.135498046875,22:05:33.099299
3.590408,0.2337646484375,0.2337646484375,0.1361083984375,0.1361083984375,22:05:33.107299
3.5964799999999997,0.2337646484375,0.2337646484375,0.1361083984375,0.1361083984375,22:05:33.111731
3.6025479999999988,0.2337646484375,0.2337646484375,0.1361083984375,0.1361083984375,22:05:33.119716
3.60862,0.2337646484375,0.2337646484375,0.1361083984375,0.1361083984375,22:05:33.123746
3.6146879999999992,0.2349853515625,0.2349853515625,0.1348876953125,0.1348876953125,22:05:33.132079
3.6207759999999993,0.2337646484375,0.2337646484375,0.1348876953125,0.1348876953125,22:05:33.136020
3.626856,0.233154296875,0.233154296875,0.135498046875,0.135498046875,22:05:33.144328
3.632935999999999,0.234375,0.234375,0.13427734375,0.13427734375,22:05:33.148325
3.6389999999999993,0.233154296875,0.233154296875,0.135498046875,0.135498046875,22:05:33.156699
3.6450679999999984,0.233154296875,0.233154296875,0.135498046875,0.135498046875,22:05:33.160838
3.6511359999999993,0.234375,0.234375,0.1361083984375,0.1361083984375,22:05:33.168854
3.657204,0.233154296875,0.233154296875,0.135498046875,0.135498046875,22:05:33.172859
3.663295999999999,0.233154296875,0.233154296875,0.135498046875,0.135498046875,22:05:33.181248
3.6693599999999993,0.2337646484375,0.2337646484375,0.135498046875,0.135498046875,22:05:33.185449
3.6754359999999995,0.2337646484375,0.2337646484375,0.135498046875,0.135498046875,22:05:33.193459
3.681519999999999,0.234375,0.234375,0.135498046875,0.135498046875,22:05:33.197460
3.687588,0.233154296875,0.233154296875,0.1361083984375,0.1361083984375,22:05:33.205794
3.693664,0.234375,0.234375,0.135498046875,0.135498046875,22:05:33.210103
3.6997399999999985,0.2337646484375,0.2337646484375,0.1361083984375,0.1361083984375,22:05:33.218103
3.7058079999999993,0.2349853515625,0.2349853515625,0.1361083984375,0.1361083984375,22:05:33.222319
3.7119079999999993,0.233154296875,0.233154296875,0.135498046875,0.135498046875,22:05:33.230408
3.717991999999999,0.2325439453125,0.2325439453125,0.135498046875,0.135498046875,22:05:33.234401
3.7240719999999996,0.2325439453125,0.2325439453125,0.1361083984375,0.1361083984375,22:05:33.242642
3.7301439999999992,0.233154296875,0.233154296875,0.1361083984375,0.1361083984375,22:05:33.246259
3.736224,0.233154296875,0.233154296875,0.1361083984375,0.1361083984375,22:05:33.254262
3.742291999999999,0.233154296875,0.233154296875,0.135498046875,0.135498046875,22:05:33.259262
3.7483559999999994,0.233154296875,0.233154296875,0.1361083984375,0.1361083984375,22:05:33.263292
3.754439999999999,0.2337646484375,0.2337646484375,0.1348876953125,0.1348876953125,22:05:33.271445
3.7605119999999985,0.2337646484375,0.2337646484375,0.135498046875,0.135498046875,22:05:33.275759
3.766584,0.2325439453125,0.2325439453125,0.1361083984375,0.1361083984375,22:05:33.283271
3.7726559999999996,0.233154296875,0.233154296875,0.1348876953125,0.1348876953125,22:05:33.287265
3.7787239999999986,0.233154296875,0.233154296875,0.1361083984375,0.1361083984375,22:05:33.295995
3.784799999999999,0.2337646484375,0.2337646484375,0.135498046875,0.135498046875,22:05:33.300007
3.790875999999999,0.233154296875,0.233154296875,0.1348876953125,0.1348876953125,22:05:33.308000
3.796944,0.2349853515625,0.2349853515625,0.135498046875,0.135498046875,22:05:33.312449
3.8030399999999993,0.234375,0.234375,0.135498046875,0.135498046875,22:05:33.320678
3.809132,0.233154296875,0.233154296875,0.135498046875,0.135498046875,22:05:33.324688
3.815211999999999,0.233154296875,0.233154296875,0.13427734375,0.13427734375,22:05:33.332084
3.821287999999999,0.234375,0.234375,0.1361083984375,0.1361083984375,22:05:33.336969
3.8273599999999988,0.233154296875,0.233154296875,0.1348876953125,0.1348876953125,22:05:33.345112
3.8334279999999996,0.2325439453125,0.2325439453125,0.1348876953125,0.1348876953125,22:05:33.349579
3.839492,0.234375,0.234375,0.13427734375,0.13427734375,22:05:33.357585
3.84558,0.233154296875,0.233154296875,0.135498046875,0.135498046875,22:05:33.361584
3.851647999999999,0.234375,0.234375,0.135498046875,0.135498046875,22:05:33.369717
3.8577199999999987,0.2337646484375,0.2337646484375,0.1361083984375,0.1361083984375,22:05:33.373746
3.863792,0.2337646484375,0.2337646484375,0.135498046875,0.135498046875,22:05:33.381789
3.8698559999999986,0.234375,0.234375,0.13427734375,0.13427734375,22:05:33.385664
3.8759359999999994,0.2349853515625,0.2349853515625,0.135498046875,0.135498046875,22:05:33.393674
3.8820119999999996,0.234375,0.234375,0.13427734375,0.13427734375,22:05:33.397674
3.8880799999999986,0.2337646484375,0.2337646484375,0.1348876953125,0.1348876953125,22:05:33.405951
3.894176,0.234375,0.234375,0.1348876953125,0.1348876953125,22:05:33.410011
3.900252,0.234375,0.234375,0.13671875,0.13671875,22:05:33.418005
3.906331999999999,0.2325439453125,0.2325439453125,0.1361083984375,0.1361083984375,22:05:33.422999
3.9123959999999993,0.2349853515625,0.2349853515625,0.135498046875,0.135498046875,22:05:33.431078
3.9184599999999996,0.2337646484375,0.2337646484375,0.135498046875,0.135498046875,22:05:33.435109
3.924524,0.234375,0.234375,0.135498046875,0.135498046875,22:05:33.443109
3.9306,0.234375,0.234375,0.135498046875,0.135498046875,22:05:33.447109
3.936667999999999,0.23193359375,0.23193359375,0.135498046875,0.135498046875,22:05:33.455406
3.942739999999999,0.233154296875,0.233154296875,0.13671875,0.13671875,22:05:33.459407
3.9488079999999997,0.2337646484375,0.2337646484375,0.1361083984375,0.1361083984375,22:05:33.467937
3.9548799999999993,0.2349853515625,0.2349853515625,0.135498046875,0.135498046875,22:05:33.471372
3.960948,0.2337646484375,0.2337646484375,0.1361083984375,0.1361083984375,22:05:33.476378
3.9670199999999998,0.234375,0.234375,0.135498046875,0.135498046875,22:05:33.484392
3.973087999999999,0.2325439453125,0.2325439453125,0.135498046875,0.135498046875,22:05:33.488552
3.9791679999999996,0.2337646484375,0.2337646484375,0.13427734375,0.13427734375,22:05:33.496650
3.985244,0.2337646484375,0.2337646484375,0.135498046875,0.135498046875,22:05:33.500650
3.9913239999999988,0.233154296875,0.233154296875,0.1348876953125,0.1348876953125,22:05:33.508800
3.997387999999999,0.233154296875,0.233154296875,0.1361083984375,0.1361083984375,22:05:33.513124
4.003456,0.2325439453125,0.2325439453125,0.1361083984375,0.1361083984375,22:05:33.521023
4.009519999999998,0.234375,0.234375,0.1361083984375,0.1361083984375,22:05:33.525495
4.015592,0.2337646484375,0.2337646484375,0.1361083984375,0.1361083984375,22:05:33.533060
4.021659999999999,0.233154296875,0.233154296875,0.1361083984375,0.1361083984375,22:05:33.537740
4.027735999999999,0.2337646484375,0.2337646484375,0.13427734375,0.13427734375,22:05:33.545137
4.033804,0.2337646484375,0.2337646484375,0.1348876953125,0.1348876953125,22:05:33.549590
4.039876,0.233154296875,0.233154296875,0.1361083984375,0.1361083984375,22:05:33.557820
4.04594,0.234375,0.234375,0.135498046875,0.135498046875,22:05:33.561761
4.0520119999999995,0.233154296875,0.233154296875,0.1361083984375,0.1361083984375,22:05:33.569764
4.058079999999999,0.2325439453125,0.2325439453125,0.135498046875,0.135498046875,22:05:33.573767
4.064159999999999,0.234375,0.234375,0.135498046875,0.135498046875,22:05:33.582083
4.07024,0.2337646484375,0.2337646484375,0.1348876953125,0.1348876953125,22:05:33.586196
4.0763159999999985,0.233154296875,0.233154296875,0.1361083984375,0.1361083984375,22:05:33.594220
4.082379999999999,0.233154296875,0.233154296875,0.13427734375,0.13427734375,22:05:33.599128
4.088448,0.2349853515625,0.2349853515625,0.1348876953125,0.1348876953125,22:05:33.607228
4.094512,0.2349853515625,0.2349853515625,0.1348876953125,0.1348876953125,22:05:33.611230
4.100584,0.2337646484375,0.2337646484375,0.135498046875,0.135498046875,22:05:33.619591
4.106651999999999,0.234375,0.234375,0.13427734375,0.13427734375,22:05:33.623593
4.112724,0.2337646484375,0.2337646484375,0.1348876953125,0.1348876953125,22:05:33.631597
4.118791999999999,0.2325439453125,0.2325439453125,0.135498046875,0.135498046875,22:05:33.635596
4.124863999999999,0.2337646484375,0.2337646484375,0.1348876953125,0.1348876953125,22:05:33.644031
4.130932,0.2337646484375,0.2337646484375,0.1361083984375,0.1361083984375,22:05:33.648040
4.137003999999999,0.2337646484375,0.2337646484375,0.1361083984375,0.1361083984375,22:05:33.656039
4.143072,0.234375,0.234375,0.1361083984375,0.1361083984375,22:05:33.660567
4.149151999999999,0.2337646484375,0.2337646484375,0.1361083984375,0.1361083984375,22:05:33.668454
4.155227999999999,0.234375,0.234375,0.1361083984375,0.1361083984375,22:05:33.672453
4.161308,0.2337646484375,0.2337646484375,0.1348876953125,0.1348876953125,22:05:33.676454
4.167383999999998,0.2337646484375,0.2337646484375,0.13671875,0.13671875,22:05:33.684582
4.173451999999999,0.2325439453125,0.2325439453125,0.135498046875,0.135498046875,22:05:33.688582
4.179516,0.233154296875,0.233154296875,0.1361083984375,0.1361083984375,22:05:33.697583
4.185587999999999,0.233154296875,0.233154296875,0.1361083984375,0.1361083984375,22:05:33.701542
4.191663999999999,0.234375,0.234375,0.135498046875,0.135498046875,22:05:33.709565
4.1977319999999985,0.233154296875,0.233154296875,0.135498046875,0.135498046875,22:05:33.713561
4.203804,0.233154296875,0.233154296875,0.1348876953125,0.1348876953125,22:05:33.722093
4.20988,0.2325439453125,0.2325439453125,0.13427734375,0.13427734375,22:05:33.726104
4.215947999999999,0.234375,0.234375,0.135498046875,0.135498046875,22:05:33.734095
4.222016,0.2337646484375,0.2337646484375,0.1348876953125,0.1348876953125,22:05:33.738383
4.228088,0.2337646484375,0.2337646484375,0.13671875,0.13671875,22:05:33.746513
4.234159999999999,0.2325439453125,0.2325439453125,0.135498046875,0.135498046875,22:05:33.749867
4.240252,0.234375,0.234375,0.13427734375,0.13427734375,22:05:33.758266
4.246328,0.2349853515625,0.2349853515625,0.1348876953125,0.1348876953125,22:05:33.762969
4.2524,0.233154296875,0.233154296875,0.135498046875,0.135498046875,22:05:33.770963
4.258467999999999,0.2325439453125,0.2325439453125,0.135498046875,0.135498046875,22:05:33.775474
4.264531999999999,0.234375,0.234375,0.13427734375,0.13427734375,22:05:33.783494
4.270595999999999,0.234375,0.234375,0.1348876953125,0.1348876953125,22:05:33.787520
4.276679999999999,0.233154296875,0.233154296875,0.1361083984375,0.1361083984375,22:05:33.794802
4.282751999999999,0.2337646484375,0.2337646484375,0.1336669921875,0.1336669921875,22:05:33.799899
4.288824,0.2337646484375,0.2337646484375,0.13427734375,0.13427734375,22:05:33.807903
4.294896,0.23193359375,0.23193359375,0.135498046875,0.135498046875,22:05:33.812118
4.300963999999999,0.2349853515625,0.2349853515625,0.13671875,0.13671875,22:05:33.820129
4.307036,0.233154296875,0.233154296875,0.1348876953125,0.1348876953125,22:05:33.824130
4.313108,0.2337646484375,0.2337646484375,0.135498046875,0.135498046875,22:05:33.832083
4.319175999999999,0.234375,0.234375,0.135498046875,0.135498046875,22:05:33.836670
4.325272,0.234375,0.234375,0.13671875,0.13671875,22:05:33.844675
4.331339999999999,0.2337646484375,0.2337646484375,0.1361083984375,0.1361083984375,22:05:33.848679
4.337411999999999,0.235595703125,0.235595703125,0.135498046875,0.135498046875,22:05:33.857012
4.343475999999999,0.2337646484375,0.2337646484375,0.135498046875,0.135498046875,22:05:33.861251
4.349544,0.2325439453125,0.2325439453125,0.1348876953125,0.1348876953125,22:05:33.869279
4.355608,0.234375,0.234375,0.1336669921875,0.1336669921875,22:05:33.873287
4.3616959999999985,0.2349853515625,0.2349853515625,0.1348876953125,0.1348876953125,22:05:33.877785
4.367763999999999,0.233154296875,0.233154296875,0.1348876953125,0.1348876953125,22:05:33.885790
4.373835999999999,0.234375,0.234375,0.13671875,0.13671875,22:05:33.889932
4.379904,0.2349853515625,0.2349853515625,0.1361083984375,0.1361083984375,22:05:33.898114
4.385975999999999,0.233154296875,0.233154296875,0.135498046875,0.135498046875,22:05:33.902113
4.3920439999999985,0.2337646484375,0.2337646484375,0.1361083984375,0.1361083984375,22:05:33.910395
4.398119999999999,0.2337646484375,0.2337646484375,0.135498046875,0.135498046875,22:05:33.914820
4.4041879999999995,0.2337646484375,0.2337646484375,0.1348876953125,0.1348876953125,22:05:33.922422
4.410276,0.233154296875,0.233154296875,0.1361083984375,0.1361083984375,22:05:33.926681
4.416359999999999,0.233154296875,0.233154296875,0.135498046875,0.135498046875,22:05:33.934941
4.42244,0.234375,0.234375,0.135498046875,0.135498046875,22:05:33.939074
4.428516,0.233154296875,0.233154296875,0.1348876953125,0.1348876953125,22:05:33.947085
4.434583999999999,0.233154296875,0.233154296875,0.135498046875,0.135498046875,22:05:33.951085
4.4406479999999995,0.234375,0.234375,0.1361083984375,0.1361083984375,22:05:33.959087
4.446715999999999,0.233154296875,0.233154296875,0.1348876953125,0.1348876953125,22:05:33.963652
4.452803999999999,0.2337646484375,0.2337646484375,0.1348876953125,0.1348876953125,22:05:33.971661
4.4588719999999995,0.2337646484375,0.2337646484375,0.135498046875,0.135498046875,22:05:33.975655
4.464948,0.233154296875,0.233154296875,0.13671875,0.13671875,22:05:33.984041
4.471024,0.2325439453125,0.2325439453125,0.135498046875,0.135498046875,22:05:33.987624
4.477091999999999,0.234375,0.234375,0.135498046875,0.135498046875,22:05:33.995623
4.48316,0.233154296875,0.233154296875,0.13427734375,0.13427734375,22:05:34.000624
4.489236,0.233154296875,0.233154296875,0.135498046875,0.135498046875,22:05:34.008061
4.495303999999999,0.2337646484375,0.2337646484375,0.135498046875,0.135498046875,22:05:34.013064
4.501403999999999,0.2349853515625,0.2349853515625,0.1361083984375,0.1361083984375,22:05:34.020313
4.507472,0.2349853515625,0.2349853515625,0.13671875,0.13671875,22:05:34.025075
4.513551999999999,0.2349853515625,0.2349853515625,0.1336669921875,0.1336669921875,22:05:34.032391
4.519615999999999,0.2325439453125,0.2325439453125,0.1361083984375,0.1361083984375,22:05:34.037385
4.5256799999999995,0.2337646484375,0.2337646484375,0.13427734375,0.13427734375,22:05:34.045431
4.5317479999999986,0.233154296875,0.233154296875,0.13427734375,0.13427734375,22:05:34.049436
4.537832,0.233154296875,0.233154296875,0.1348876953125,0.1348876953125,22:05:34.057436
4.543899999999999,0.233154296875,0.233154296875,0.1361083984375,0.1361083984375,22:05:34.061945
4.549971999999999,0.233154296875,0.233154296875,0.1336669921875,0.1336669921875,22:05:34.069979
4.556039999999999,0.2337646484375,0.2337646484375,0.13427734375,0.13427734375,22:05:34.074000
4.562111999999999,0.234375,0.234375,0.135498046875,0.135498046875,22:05:34.081495
4.56818,0.2337646484375,0.2337646484375,0.1361083984375,0.1361083984375,22:05:34.086497
4.5742519999999995,0.2337646484375,0.2337646484375,0.1348876953125,0.1348876953125,22:05:34.090416
4.580319999999999,0.2337646484375,0.2337646484375,0.135498046875,0.135498046875,22:05:34.098632
4.586399999999999,0.233154296875,0.233154296875,0.13427734375,0.13427734375,22:05:34.102643
4.592476,0.234375,0.234375,0.1361083984375,0.1361083984375,22:05:34.111022
4.598559999999999,0.2337646484375,0.2337646484375,0.1361083984375,0.1361083984375,22:05:34.115019
4.604631999999999,0.234375,0.234375,0.1348876953125,0.1348876953125,22:05:34.123346
4.610704,0.2337646484375,0.2337646484375,0.13671875,0.13671875,22:05:34.126758
4.616767999999999,0.23193359375,0.23193359375,0.1361083984375,0.1361083984375,22:05:34.134765
4.6228359999999995,0.2337646484375,0.2337646484375,0.1361083984375,0.1361083984375,22:05:34.139248
4.6289159999999985,0.234375,0.234375,0.13427734375,0.13427734375,22:05:34.147896
4.634983999999999,0.2325439453125,0.2325439453125,0.1348876953125,0.1348876953125,22:05:34.151755
4.6410599999999995,0.233154296875,0.233154296875,0.13427734375,0.13427734375,22:05:34.160148
4.6471399999999985,0.233154296875,0.233154296875,0.135498046875,0.135498046875,22:05:34.164150
4.653207999999999,0.23193359375,0.23193359375,0.1348876953125,0.1348876953125,22:05:34.172018
4.659275999999998,0.233154296875,0.233154296875,0.135498046875,0.135498046875,22:05:34.176012
4.665351999999999,0.233154296875,0.233154296875,0.1361083984375,0.1361083984375,22:05:34.184026
4.6714199999999995,0.233154296875,0.233154296875,0.1361083984375,0.1361083984375,22:05:34.188925
4.6775199999999995,0.2337646484375,0.2337646484375,0.135498046875,0.135498046875,22:05:34.196935
4.683591999999999,0.2325439453125,0.2325439453125,0.135498046875,0.135498046875,22:05:34.200928
4.689667999999999,0.2337646484375,0.2337646484375,0.13427734375,0.13427734375,22:05:34.209106
4.695732,0.2337646484375,0.2337646484375,0.135498046875,0.135498046875,22:05:34.213579
4.701799999999999,0.233154296875,0.233154296875,0.1361083984375,0.1361083984375,22:05:34.221581
4.707863999999999,0.233154296875,0.233154296875,0.13427734375,0.13427734375,22:05:34.225778
4.7139479999999985,0.233154296875,0.233154296875,0.135498046875,0.135498046875,22:05:34.233171
4.720015999999999,0.234375,0.234375,0.135498046875,0.135498046875,22:05:34.238169
4.7260919999999995,0.2337646484375,0.2337646484375,0.1348876953125,0.1348876953125,22:05:34.246137
4.732159999999999,0.233154296875,0.233154296875,0.135498046875,0.135498046875,22:05:34.249838
4.738227999999999,0.234375,0.234375,0.13427734375,0.13427734375,22:05:34.257929
4.744299999999999,0.233154296875,0.233154296875,0.135498046875,0.135498046875,22:05:34.261933
4.750375999999999,0.233154296875,0.233154296875,0.1348876953125,0.1348876953125,22:05:34.270749
4.756444,0.233154296875,0.233154296875,0.135498046875,0.135498046875,22:05:34.274921
4.762531999999998,0.2337646484375,0.2337646484375,0.1361083984375,0.1361083984375,22:05:34.282826
4.768616,0.233154296875,0.233154296875,0.135498046875,0.135498046875,22:05:34.287248
4.774695999999999,0.234375,0.234375,0.135498046875,0.135498046875,22:05:34.295262
4.780771999999999,0.2337646484375,0.2337646484375,0.1348876953125,0.1348876953125,22:05:34.298744
4.786847999999999,0.233154296875,0.233154296875,0.135498046875,0.135498046875,22:05:34.303612
4.792916,0.233154296875,0.233154296875,0.135498046875,0.135498046875,22:05:34.311933
4.7989799999999985,0.233154296875,0.233154296875,0.135498046875,0.135498046875,22:05:34.315934
4.805064,0.234375,0.234375,0.1361083984375,0.1361083984375,22:05:34.323745
4.811135999999999,0.233154296875,0.233154296875,0.1348876953125,0.1348876953125,22:05:34.328006
4.817207999999999,0.233154296875,0.233154296875,0.13427734375,0.13427734375,22:05:34.336255
4.823279999999999,0.233154296875,0.233154296875,0.135498046875,0.135498046875,22:05:34.339762
4.8293479999999995,0.23193359375,0.23193359375,0.1348876953125,0.1348876953125,22:05:34.347929
4.835415999999999,0.2337646484375,0.2337646484375,0.13427734375,0.13427734375,22:05:34.352351
4.841491999999999,0.2337646484375,0.2337646484375,0.1348876953125,0.1348876953125,22:05:34.360455
4.84756,0.233154296875,0.233154296875,0.1361083984375,0.1361083984375,22:05:34.364459
4.85366,0.2325439453125,0.2325439453125,0.1348876953125,0.1348876953125,22:05:34.373168
4.859739999999999,0.2337646484375,0.2337646484375,0.135498046875,0.135498046875,22:05:34.377294
4.865819999999999,0.2325439453125,0.2325439453125,0.135498046875,0.135498046875,22:05:34.385108
4.871884,0.2337646484375,0.2337646484375,0.135498046875,0.135498046875,22:05:34.389108
4.877951999999999,0.2337646484375,0.2337646484375,0.1348876953125,0.1348876953125,22:05:34.397722
4.884015999999999,0.2337646484375,0.2337646484375,0.1361083984375,0.1361083984375,22:05:34.401691
4.890091999999999,0.233154296875,0.233154296875,0.135498046875,0.135498046875,22:05:34.409561
4.89616,0.235595703125,0.235595703125,0.1348876953125,0.1348876953125,22:05:34.413563
4.902232,0.2337646484375,0.2337646484375,0.13427734375,0.13427734375,22:05:34.422289
4.908299999999999,0.2337646484375,0.2337646484375,0.1348876953125,0.1348876953125,22:05:34.426531
4.914368,0.2325439453125,0.2325439453125,0.1361083984375,0.1361083984375,22:05:34.434535
4.920435999999999,0.233154296875,0.233154296875,0.1348876953125,0.1348876953125,22:05:34.438541
4.926508,0.233154296875,0.233154296875,0.1348876953125,0.1348876953125,22:05:34.446840
4.932575999999999,0.2337646484375,0.2337646484375,0.1348876953125,0.1348876953125,22:05:34.450849
4.938656,0.233154296875,0.233154296875,0.1348876953125,0.1348876953125,22:05:34.459227
4.944732,0.2349853515625,0.2349853515625,0.1348876953125,0.1348876953125,22:05:34.463407
4.950811999999999,0.233154296875,0.233154296875,0.1348876953125,0.1348876953125,22:05:34.471300
4.956887999999999,0.234375,0.234375,0.135498046875,0.135498046875,22:05:34.475301
4.962959999999999,0.234375,0.234375,0.135498046875,0.135498046875,22:05:34.483341
4.969023999999999,0.233154296875,0.233154296875,0.13427734375,0.13427734375,22:05:34.488086
4.975092,0.2349853515625,0.2349853515625,0.135498046875,0.135498046875,22:05:34.495087
4.981183999999999,0.2337646484375,0.2337646484375,0.135498046875,0.135498046875,22:05:34.500095
4.987252,0.234375,0.234375,0.13671875,0.13671875,22:05:34.504427
4.993323999999999,0.234375,0.234375,0.13427734375,0.13427734375,22:05:34.512528
4.999407999999999,0.234375,0.234375,0.135498046875,0.135498046875,22:05:34.516566
5.005476,0.234375,0.234375,0.1361083984375,0.1361083984375,22:05:34.524579
5.011552,0.2337646484375,0.2337646484375,0.135498046875,0.135498046875,22:05:34.528871
5.017627999999998,0.2337646484375,0.2337646484375,0.1361083984375,0.1361083984375,22:05:34.537025
5.023695999999999,0.2337646484375,0.2337646484375,0.135498046875,0.135498046875,22:05:34.541032
5.029791999999999,0.233154296875,0.233154296875,0.135498046875,0.135498046875,22:05:34.549036
5.035867999999999,0.2349853515625,0.2349853515625,0.1348876953125,0.1348876953125,22:05:34.553450
5.041951999999998,0.2337646484375,0.2337646484375,0.135498046875,0.135498046875,22:05:34.561596
5.048027999999999,0.233154296875,0.233154296875,0.1361083984375,0.1361083984375,22:05:34.565606
5.0541,0.234375,0.234375,0.1348876953125,0.1348876953125,22:05:34.573605
5.0601639999999986,0.234375,0.234375,0.1361083984375,0.1361083984375,22:05:34.578048
5.066236,0.234375,0.234375,0.135498046875,0.135498046875,22:05:34.586037
5.072315999999999,0.234375,0.234375,0.1348876953125,0.1348876953125,22:05:34.590042
5.078384,0.233154296875,0.233154296875,0.1361083984375,0.1361083984375,22:05:34.598418
5.08446,0.2337646484375,0.2337646484375,0.135498046875,0.135498046875,22:05:34.602583
5.0905439999999995,0.2337646484375,0.2337646484375,0.135498046875,0.135498046875,22:05:34.609933
5.096611999999999,0.2325439453125,0.2325439453125,0.135498046875,0.135498046875,22:05:34.614318
5.102687999999999,0.233154296875,0.233154296875,0.13427734375,0.13427734375,22:05:34.622982
5.108763999999999,0.233154296875,0.233154296875,0.135498046875,0.135498046875,22:05:34.627170
5.114832,0.2337646484375,0.2337646484375,0.1348876953125,0.1348876953125,22:05:34.635200
5.120927999999999,0.233154296875,0.233154296875,0.135498046875,0.135498046875,22:05:34.639206
5.1270039999999995,0.233154296875,0.233154296875,0.1361083984375,0.1361083984375,22:05:34.647544
5.133083999999998,0.2349853515625,0.2349853515625,0.1348876953125,0.1348876953125,22:05:34.651753
5.139147999999999,0.233154296875,0.233154296875,0.1348876953125,0.1348876953125,22:05:34.659390
5.145216,0.234375,0.234375,0.135498046875,0.135498046875,22:05:34.663393
5.15128,0.233154296875,0.233154296875,0.1361083984375,0.1361083984375,22:05:34.671851
5.1573519999999995,0.233154296875,0.233154296875,0.13671875,0.13671875,22:05:34.676351
5.163419999999999,0.234375,0.234375,0.135498046875,0.135498046875,22:05:34.684137
5.169495999999999,0.2325439453125,0.2325439453125,0.1361083984375,0.1361083984375,22:05:34.688142
5.175564,0.233154296875,0.233154296875,0.1348876953125,0.1348876953125,22:05:34.695769
5.181631999999999,0.2325439453125,0.2325439453125,0.1348876953125,0.1348876953125,22:05:34.700777
5.187704,0.2325439453125,0.2325439453125,0.135498046875,0.135498046875,22:05:34.708776
5.193771999999999,0.234375,0.234375,0.13671875,0.13671875,22:05:34.713192
5.19984,0.2337646484375,0.2337646484375,0.1348876953125,0.1348876953125,22:05:34.716691
5.205928,0.234375,0.234375,0.1348876953125,0.1348876953125,22:05:34.724746
5.212007999999999,0.233154296875,0.233154296875,0.1348876953125,0.1348876953125,22:05:34.729570
5.218083999999999,0.233154296875,0.233154296875,0.1361083984375,0.1361083984375,22:05:34.737301
5.224151999999998,0.234375,0.234375,0.1348876953125,0.1348876953125,22:05:34.741380
5.230219999999999,0.2349853515625,0.2349853515625,0.1361083984375,0.1361083984375,22:05:34.749997
5.236288,0.233154296875,0.233154296875,0.1348876953125,0.1348876953125,22:05:34.754145
5.24236,0.233154296875,0.233154296875,0.135498046875,0.135498046875,22:05:34.761880
5.248448,0.2337646484375,0.2337646484375,0.13427734375,0.13427734375,22:05:34.766336
5.254515999999999,0.234375,0.234375,0.13671875,0.13671875,22:05:34.774565
5.2605879999999985,0.2325439453125,0.2325439453125,0.1348876953125,0.1348876953125,22:05:34.778700
5.266667999999999,0.2337646484375,0.2337646484375,0.1373291015625,0.1373291015625,22:05:34.786700
5.272736,0.233154296875,0.233154296875,0.13671875,0.13671875,22:05:34.790706
5.27882,0.2337646484375,0.2337646484375,0.135498046875,0.135498046875,22:05:34.798300
5.284891999999999,0.2337646484375,0.2337646484375,0.1361083984375,0.1361083984375,22:05:34.802563
5.29096,0.234375,0.234375,0.1348876953125,0.1348876953125,22:05:34.811433
5.2970559999999995,0.234375,0.234375,0.135498046875,0.135498046875,22:05:34.815415
5.3031359999999985,0.234375,0.234375,0.13671875,0.13671875,22:05:34.823617
5.309211999999999,0.2337646484375,0.2337646484375,0.135498046875,0.135498046875,22:05:34.827608
5.315287999999999,0.2349853515625,0.2349853515625,0.1361083984375,0.1361083984375,22:05:34.835848
5.3213599999999985,0.234375,0.234375,0.1348876953125,0.1348876953125,22:05:34.840150
5.327423999999999,0.233154296875,0.233154296875,0.135498046875,0.135498046875,22:05:34.847623
5.3334959999999985,0.2325439453125,0.2325439453125,0.135498046875,0.135498046875,22:05:34.851667
5.339571999999999,0.2349853515625,0.2349853515625,0.13671875,0.13671875,22:05:34.860403
5.3456399999999995,0.2337646484375,0.2337646484375,0.1361083984375,0.1361083984375,22:05:34.864720
5.351728,0.2337646484375,0.2337646484375,0.13671875,0.13671875,22:05:34.872427
5.357807999999999,0.234375,0.234375,0.1348876953125,0.1348876953125,22:05:34.876554
5.363875999999999,0.234375,0.234375,0.1361083984375,0.1361083984375,22:05:34.885064
5.369955999999998,0.233154296875,0.233154296875,0.1361083984375,0.1361083984375,22:05:34.888619
5.376028,0.2337646484375,0.2337646484375,0.135498046875,0.135498046875,22:05:34.897073
5.382095999999999,0.234375,0.234375,0.135498046875,0.135498046875,22:05:34.901073
5.3881879999999995,0.2337646484375,0.2337646484375,0.135498046875,0.135498046875,22:05:34.909646
5.394264,0.233154296875,0.233154296875,0.13427734375,0.13427734375,22:05:34.913658
5.40034,0.2337646484375,0.2337646484375,0.1348876953125,0.1348876953125,22:05:34.921764
5.406403999999998,0.2325439453125,0.2325439453125,0.135498046875,0.135498046875,22:05:34.926144
5.412476,0.233154296875,0.233154296875,0.1348876953125,0.1348876953125,22:05:34.933262
5.418543999999999,0.234375,0.234375,0.1361083984375,0.1361083984375,22:05:34.938611
5.4246159999999986,0.2325439453125,0.2325439453125,0.1361083984375,0.1361083984375,22:05:34.942605
5.430683999999999,0.233154296875,0.233154296875,0.1348876953125,0.1348876953125,22:05:34.950743
5.43676,0.234375,0.234375,0.1348876953125,0.1348876953125,22:05:34.954743
5.442827999999999,0.2337646484375,0.2337646484375,0.13427734375,0.13427734375,22:05:34.963183
5.448907999999999,0.2337646484375,0.2337646484375,0.135498046875,0.135498046875,22:05:34.967120
5.4549759999999985,0.2325439453125,0.2325439453125,0.1348876953125,0.1348876953125,22:05:34.975093
5.461048,0.234375,0.234375,0.1348876953125,0.1348876953125,22:05:34.978605
5.467115999999999,0.2325439453125,0.2325439453125,0.1361083984375,0.1361083984375,22:05:34.987551
5.473191999999999,0.2325439453125,0.2325439453125,0.13427734375,0.13427734375,22:05:34.991702
5.479272,0.2325439453125,0.2325439453125,0.1348876953125,0.1348876953125,22:05:34.999714
5.485347999999998,0.234375,0.234375,0.13427734375,0.13427734375,22:05:35.003714
5.491415999999999,0.2325439453125,0.2325439453125,0.135498046875,0.135498046875,22:05:35.012093
5.497484,0.2325439453125,0.2325439453125,0.1361083984375,0.1361083984375,22:05:35.015969
5.503556,0.234375,0.234375,0.1361083984375,0.1361083984375,22:05:35.023463
5.509623999999999,0.233154296875,0.233154296875,0.135498046875,0.135498046875,22:05:35.027884
5.515708,0.2337646484375,0.2337646484375,0.135498046875,0.135498046875,22:05:35.036662
5.521775999999999,0.2337646484375,0.2337646484375,0.1361083984375,0.1361083984375,22:05:35.041147
5.527847999999999,0.2337646484375,0.2337646484375,0.135498046875,0.135498046875,22:05:35.048157
5.5339279999999995,0.233154296875,0.233154296875,0.1348876953125,0.1348876953125,22:05:35.053126
5.539995999999999,0.2349853515625,0.2349853515625,0.1361083984375,0.1361083984375,22:05:35.060429
5.54608,0.234375,0.234375,0.1373291015625,0.1373291015625,22:05:35.065429
5.552156,0.2337646484375,0.2337646484375,0.1361083984375,0.1361083984375,22:05:35.073513
5.558223999999999,0.233154296875,0.233154296875,0.1348876953125,0.1348876953125,22:05:35.077650
5.564319999999999,0.234375,0.234375,0.135498046875,0.135498046875,22:05:35.085450
5.570395999999999,0.2349853515625,0.2349853515625,0.1361083984375,0.1361083984375,22:05:35.089467
5.57648,0.23193359375,0.23193359375,0.135498046875,0.135498046875,22:05:35.097459
5.582543999999999,0.2325439453125,0.2325439453125,0.135498046875,0.135498046875,22:05:35.102178
5.5886119999999995,0.233154296875,0.233154296875,0.135498046875,0.135498046875,22:05:35.110335
5.594683999999999,0.2337646484375,0.2337646484375,0.1373291015625,0.1373291015625,22:05:35.113869
5.600755999999999,0.233154296875,0.233154296875,0.135498046875,0.135498046875,22:05:35.122375
5.6068359999999995,0.233154296875,0.233154296875,0.13427734375,0.13427734375,22:05:35.126375
5.612903999999999,0.233154296875,0.233154296875,0.135498046875,0.135498046875,22:05:35.134000
5.618976,0.233154296875,0.233154296875,0.135498046875,0.135498046875,22:05:35.139005
5.625055999999999,0.233154296875,0.233154296875,0.1348876953125,0.1348876953125,22:05:35.142492
5.631124,0.2337646484375,0.2337646484375,0.135498046875,0.135498046875,22:05:35.151426
5.637191999999999,0.234375,0.234375,0.135498046875,0.135498046875,22:05:35.155193
5.643267999999999,0.233154296875,0.233154296875,0.1361083984375,0.1361083984375,22:05:35.163088
5.649336,0.2349853515625,0.2349853515625,0.135498046875,0.135498046875,22:05:35.167286
5.6554199999999994,0.233154296875,0.233154296875,0.1361083984375,0.1361083984375,22:05:35.175979
5.661496,0.233154296875,0.233154296875,0.13671875,0.13671875,22:05:35.179825
5.667575999999999,0.234375,0.234375,0.135498046875,0.135498046875,22:05:35.187826
5.6736439999999995,0.2337646484375,0.2337646484375,0.1348876953125,0.1348876953125,22:05:35.192209
5.679708,0.2337646484375,0.2337646484375,0.135498046875,0.135498046875,22:05:35.200539
5.685775999999999,0.233154296875,0.233154296875,0.1348876953125,0.1348876953125,22:05:35.204538
5.691856,0.233154296875,0.233154296875,0.135498046875,0.135498046875,22:05:35.212886
5.697923999999999,0.233154296875,0.233154296875,0.13671875,0.13671875,22:05:35.216971
5.703999999999999,0.2337646484375,0.2337646484375,0.1361083984375,0.1361083984375,22:05:35.224743
5.710068,0.2349853515625,0.2349853515625,0.1348876953125,0.1348876953125,22:05:35.228737
5.716135999999999,0.2325439453125,0.2325439453125,0.13671875,0.13671875,22:05:35.237368
5.722207999999998,0.233154296875,0.233154296875,0.1348876953125,0.1348876953125,22:05:35.241550
5.728283999999999,0.2337646484375,0.2337646484375,0.135498046875,0.135498046875,22:05:35.248864
5.7343519999999994,0.2337646484375,0.2337646484375,0.1361083984375,0.1361083984375,22:05:35.253863
5.740447999999999,0.2337646484375,0.2337646484375,0.1361083984375,0.1361083984375,22:05:35.261921
5.746528,0.233154296875,0.233154296875,0.13671875,0.13671875,22:05:35.265930
5.752604,0.2325439453125,0.2325439453125,0.135498046875,0.135498046875,22:05:35.273425
5.75868,0.234375,0.234375,0.13671875,0.13671875,22:05:35.278400
5.764752,0.2337646484375,0.2337646484375,0.135498046875,0.135498046875,22:05:35.286278
5.770819999999999,0.2349853515625,0.2349853515625,0.1348876953125,0.1348876953125,22:05:35.290284
5.776888,0.234375,0.234375,0.13427734375,0.13427734375,22:05:35.298750
5.7829799999999985,0.233154296875,0.233154296875,0.1361083984375,0.1361083984375,22:05:35.302972
5.789047999999999,0.2337646484375,0.2337646484375,0.135498046875,0.135498046875,22:05:35.311053
5.795135999999999,0.234375,0.234375,0.1361083984375,0.1361083984375,22:05:35.315055
5.801207999999999,0.2337646484375,0.2337646484375,0.135498046875,0.135498046875,22:05:35.323334
5.807276,0.234375,0.234375,0.135498046875,0.135498046875,22:05:35.327550
5.8133479999999995,0.2337646484375,0.2337646484375,0.1361083984375,0.1361083984375,22:05:35.335639
5.819419999999999,0.234375,0.234375,0.135498046875,0.135498046875,22:05:35.339645
5.825491999999999,0.233154296875,0.233154296875,0.1348876953125,0.1348876953125,22:05:35.347891
5.831583999999999,0.233154296875,0.233154296875,0.1348876953125,0.1348876953125,22:05:35.352069
5.8376719999999995,0.2337646484375,0.2337646484375,0.1348876953125,0.1348876953125,22:05:35.356226
5.8437519999999985,0.2349853515625,0.2349853515625,0.135498046875,0.135498046875,22:05:35.364515
5.849827999999999,0.233154296875,0.233154296875,0.135498046875,0.135498046875,22:05:35.367751
5.855903999999999,0.234375,0.234375,0.135498046875,0.135498046875,22:05:35.376675
5.861972,0.2337646484375,0.2337646484375,0.135498046875,0.135498046875,22:05:35.380912
5.868036,0.2349853515625,0.2349853515625,0.1361083984375,0.1361083984375,22:05:35.389145
5.87412,0.2325439453125,0.2325439453125,0.13427734375,0.13427734375,22:05:35.392393
5.880191999999999,0.233154296875,0.233154296875,0.1361083984375,0.1361083984375,22:05:35.401052
5.886267999999999,0.2337646484375,0.2337646484375,0.135498046875,0.135498046875,22:05:35.405160
5.892339999999999,0.233154296875,0.233154296875,0.1348876953125,0.1348876953125,22:05:35.413188
5.898411999999999,0.2337646484375,0.2337646484375,0.135498046875,0.135498046875,22:05:35.417646
5.9044799999999995,0.234375,0.234375,0.135498046875,0.135498046875,22:05:35.425770
5.910556,0.233154296875,0.233154296875,0.1361083984375,0.1361083984375,22:05:35.429777
5.916623999999999,0.233154296875,0.233154296875,0.13671875,0.13671875,22:05:35.437943
5.92272,0.234375,0.234375,0.1348876953125,0.1348876953125,22:05:35.442225
5.928808,0.233154296875,0.233154296875,0.13671875,0.13671875,22:05:35.449917
5.934887999999999,0.2337646484375,0.2337646484375,0.135498046875,0.135498046875,22:05:35.454249
5.940959999999999,0.2337646484375,0.2337646484375,0.1373291015625,0.1373291015625,22:05:35.462623
5.947039999999999,0.2337646484375,0.2337646484375,0.1361083984375,0.1361083984375,22:05:35.466641
5.9531079999999985,0.2337646484375,0.2337646484375,0.1361083984375,0.1361083984375,22:05:35.474818
5.959171999999999,0.2337646484375,0.2337646484375,0.135498046875,0.135498046875,22:05:35.479095
5.965255999999998,0.234375,0.234375,0.13671875,0.13671875,22:05:35.486434
5.971328,0.233154296875,0.233154296875,0.13671875,0.13671875,22:05:35.490454
5.977419999999999,0.2349853515625,0.2349853515625,0.135498046875,0.135498046875,22:05:35.498806
5.983492,0.2349853515625,0.2349853515625,0.1348876953125,0.1348876953125,22:05:35.503670
5.989559999999999,0.2325439453125,0.2325439453125,0.1361083984375,0.1361083984375,22:05:35.511739
5.995628,0.233154296875,0.233154296875,0.1348876953125,0.1348876953125,22:05:35.515745
6.001703999999998,0.2349853515625,0.2349853515625,0.13427734375,0.13427734375,22:05:35.523748
6.007771999999999,0.2337646484375,0.2337646484375,0.1348876953125,0.1348876953125,22:05:35.527745
6.013864,0.2337646484375,0.2337646484375,0.135498046875,0.135498046875,22:05:35.536301
6.019955999999999,0.234375,0.234375,0.1361083984375,0.1361083984375,22:05:35.540316
6.02604,0.2337646484375,0.2337646484375,0.1348876953125,0.1348876953125,22:05:35.548275
6.032119999999999,0.2337646484375,0.2337646484375,0.1361083984375,0.1361083984375,22:05:35.552821
6.038188,0.234375,0.234375,0.13427734375,0.13427734375,22:05:35.560929
6.044251999999998,0.2337646484375,0.2337646484375,0.135498046875,0.135498046875,22:05:35.564958
6.050319999999999,0.2337646484375,0.2337646484375,0.1348876953125,0.1348876953125,22:05:35.573163
6.056412,0.233154296875,0.233154296875,0.135498046875,0.135498046875,22:05:35.577377
6.0624839999999995,0.234375,0.234375,0.135498046875,0.135498046875,22:05:35.581525
6.0685639999999985,0.233154296875,0.233154296875,0.135498046875,0.135498046875,22:05:35.589111
6.074636,0.2337646484375,0.2337646484375,0.1361083984375,0.1361083984375,22:05:35.593624
6.080703999999999,0.233154296875,0.233154296875,0.135498046875,0.135498046875,22:05:35.601949
6.086775999999999,0.2337646484375,0.2337646484375,0.135498046875,0.135498046875,22:05:35.606050
6.0928439999999995,0.234375,0.234375,0.135498046875,0.135498046875,22:05:35.613452
6.098911999999999,0.233154296875,0.233154296875,0.1348876953125,0.1348876953125,22:05:35.618445
6.104991999999999,0.2337646484375,0.2337646484375,0.13427734375,0.13427734375,22:05:35.626520
6.1110679999999995,0.233154296875,0.233154296875,0.13427734375,0.13427734375,22:05:35.630633
6.1171479999999985,0.233154296875,0.233154296875,0.1348876953125,0.1348876953125,22:05:35.638643
6.123223999999999,0.234375,0.234375,0.1361083984375,0.1361083984375,22:05:35.643111
6.129296,0.2325439453125,0.2325439453125,0.1361083984375,0.1361083984375,22:05:35.651044
6.135363999999999,0.233154296875,0.233154296875,0.135498046875,0.135498046875,22:05:35.655231
6.141432,0.2337646484375,0.2337646484375,0.13671875,0.13671875,22:05:35.663438
6.1475159999999995,0.2337646484375,0.2337646484375,0.1348876953125,0.1348876953125,22:05:35.667529
6.153583999999999,0.234375,0.234375,0.1348876953125,0.1348876953125,22:05:35.675621
6.159656,0.2349853515625,0.2349853515625,0.13671875,0.13671875,22:05:35.679642
6.165731999999998,0.234375,0.234375,0.135498046875,0.135498046875,22:05:35.687017
6.171799999999999,0.2349853515625,0.2349853515625,0.1361083984375,0.1361083984375,22:05:35.692070
6.177871999999999,0.234375,0.234375,0.1348876953125,0.1348876953125,22:05:35.700005
6.1839439999999986,0.2337646484375,0.2337646484375,0.135498046875,0.135498046875,22:05:35.704269
6.190011999999999,0.234375,0.234375,0.1361083984375,0.1361083984375,22:05:35.712459
6.196111999999999,0.233154296875,0.233154296875,0.1361083984375,0.1361083984375,22:05:35.716465
6.2021799999999985,0.233154296875,0.233154296875,0.135498046875,0.135498046875,22:05:35.724769
6.208259999999999,0.2337646484375,0.2337646484375,0.1348876953125,0.1348876953125,22:05:35.728940
6.214328,0.234375,0.234375,0.1348876953125,0.1348876953125,22:05:35.736346
6.220391999999999,0.2337646484375,0.2337646484375,0.1361083984375,0.1361083984375,22:05:35.741332
6.226464,0.2337646484375,0.2337646484375,0.1361083984375,0.1361083984375,22:05:35.748338
6.2325479999999995,0.233154296875,0.233154296875,0.13427734375,0.13427734375,22:05:35.753530
6.238615999999999,0.2337646484375,0.2337646484375,0.1361083984375,0.1361083984375,22:05:35.761534
6.244691999999999,0.234375,0.234375,0.135498046875,0.135498046875,22:05:35.765546
6.25076,0.233154296875,0.233154296875,0.135498046875,0.135498046875,22:05:35.773748
6.256831999999999,0.233154296875,0.233154296875,0.1361083984375,0.1361083984375,22:05:35.777402
6.262903999999999,0.234375,0.234375,0.1373291015625,0.1373291015625,22:05:35.785931
6.268972,0.2325439453125,0.2325439453125,0.13671875,0.13671875,22:05:35.789935
6.275043999999999,0.2337646484375,0.2337646484375,0.135498046875,0.135498046875,22:05:35.794350
6.281123999999998,0.2337646484375,0.2337646484375,0.1361083984375,0.1361083984375,22:05:35.802650
6.287208,0.2337646484375,0.2337646484375,0.135498046875,0.135498046875,22:05:35.806659
6.293287999999999,0.2337646484375,0.2337646484375,0.1361083984375,0.1361083984375,22:05:35.814439
6.299363999999999,0.2337646484375,0.2337646484375,0.1361083984375,0.1361083984375,22:05:35.819188
6.305439999999999,0.233154296875,0.233154296875,0.135498046875,0.135498046875,22:05:35.826858
6.311508,0.233154296875,0.233154296875,0.1348876953125,0.1348876953125,22:05:35.831137
6.317571999999998,0.2337646484375,0.2337646484375,0.1361083984375,0.1361083984375,22:05:35.839669
6.323656,0.233154296875,0.233154296875,0.135498046875,0.135498046875,22:05:35.843625
6.329727999999999,0.234375,0.234375,0.135498046875,0.135498046875,22:05:35.851608
6.33582,0.2337646484375,0.2337646484375,0.133056640625,0.133056640625,22:05:35.855614
6.341887999999999,0.234375,0.234375,0.1348876953125,0.1348876953125,22:05:35.863750
6.347959999999999,0.2337646484375,0.2337646484375,0.1348876953125,0.1348876953125,22:05:35.868127
6.354028,0.234375,0.234375,0.1361083984375,0.1361083984375,22:05:35.875914
6.360104,0.233154296875,0.233154296875,0.135498046875,0.135498046875,22:05:35.880425
6.366171999999999,0.234375,0.234375,0.135498046875,0.135498046875,22:05:35.888446
6.372259999999999,0.233154296875,0.233154296875,0.135498046875,0.135498046875,22:05:35.892778
6.3783439999999985,0.233154296875,0.233154296875,0.1361083984375,0.1361083984375,22:05:35.900103
6.384423999999999,0.23193359375,0.23193359375,0.1361083984375,0.1361083984375,22:05:35.905103
6.390499999999999,0.2337646484375,0.2337646484375,0.1348876953125,0.1348876953125,22:05:35.913165
6.396576,0.233154296875,0.233154296875,0.13671875,0.13671875,22:05:35.917254
6.402643999999999,0.2349853515625,0.2349853515625,0.13427734375,0.13427734375,22:05:35.925262
6.4087119999999995,0.233154296875,0.233154296875,0.1348876953125,0.1348876953125,22:05:35.929256
6.414795999999999,0.233154296875,0.233154296875,0.135498046875,0.135498046875,22:05:35.937706
6.420864,0.2337646484375,0.2337646484375,0.1348876953125,0.1348876953125,22:05:35.941707
6.426955999999999,0.234375,0.234375,0.13671875,0.13671875,22:05:35.949708
6.433024,0.2337646484375,0.2337646484375,0.1348876953125,0.1348876953125,22:05:35.954207
6.439095999999999,0.234375,0.234375,0.1348876953125,0.1348876953125,22:05:35.961608
6.445167999999999,0.233154296875,0.233154296875,0.13427734375,0.13427734375,22:05:35.966621
6.4512399999999985,0.2325439453125,0.2325439453125,0.1361083984375,0.1361083984375,22:05:35.973744
6.457312,0.234375,0.234375,0.13427734375,0.13427734375,22:05:35.978771
6.4634,0.2337646484375,0.2337646484375,0.1361083984375,0.1361083984375,22:05:35.986815
6.469479999999999,0.233154296875,0.233154296875,0.135498046875,0.135498046875,22:05:35.990827
6.47556,0.234375,0.234375,0.135498046875,0.135498046875,22:05:35.998823
6.481636,0.233154296875,0.233154296875,0.1348876953125,0.1348876953125,22:05:36.003166
6.487711999999998,0.233154296875,0.233154296875,0.1348876953125,0.1348876953125,22:05:36.007080
6.493779999999999,0.23193359375,0.23193359375,0.13427734375,0.13427734375,22:05:36.015390
6.4998439999999995,0.2337646484375,0.2337646484375,0.13671875,0.13671875,22:05:36.019385
6.505932,0.2337646484375,0.2337646484375,0.1361083984375,0.1361083984375,22:05:36.027384
6.511996,0.2337646484375,0.2337646484375,0.13427734375,0.13427734375,22:05:36.032028
6.518071999999998,0.233154296875,0.233154296875,0.1348876953125,0.1348876953125,22:05:36.040139
6.524144,0.234375,0.234375,0.1336669921875,0.1336669921875,22:05:36.043441
6.530215999999999,0.233154296875,0.233154296875,0.1348876953125,0.1348876953125,22:05:36.052281
6.536287999999999,0.2337646484375,0.2337646484375,0.135498046875,0.135498046875,22:05:36.056609
6.542363999999999,0.233154296875,0.233154296875,0.1361083984375,0.1361083984375,22:05:36.064091
6.548432,0.2325439453125,0.2325439453125,0.1361083984375,0.1361083984375,22:05:36.069091
6.554523999999999,0.2325439453125,0.2325439453125,0.1348876953125,0.1348876953125,22:05:36.077019
6.560604,0.2337646484375,0.2337646484375,0.1361083984375,0.1361083984375,22:05:36.080613
6.566683999999999,0.233154296875,0.233154296875,0.1348876953125,0.1348876953125,22:05:36.089392
6.572759999999999,0.2337646484375,0.2337646484375,0.1348876953125,0.1348876953125,22:05:36.093394
6.5788319999999985,0.233154296875,0.233154296875,0.1361083984375,0.1361083984375,22:05:36.101562
6.584895999999999,0.233154296875,0.233154296875,0.135498046875,0.135498046875,22:05:36.105746
6.590964,0.2349853515625,0.2349853515625,0.135498046875,0.135498046875,22:05:36.113771
6.597052,0.234375,0.234375,0.13427734375,0.13427734375,22:05:36.118212
6.603123999999999,0.2337646484375,0.2337646484375,0.135498046875,0.135498046875,22:05:36.126140
6.609195999999999,0.234375,0.234375,0.135498046875,0.135498046875,22:05:36.129582
6.6152799999999985,0.2337646484375,0.2337646484375,0.1361083984375,0.1361083984375,22:05:36.138406
6.621347999999999,0.233154296875,0.233154296875,0.1348876953125,0.1348876953125,22:05:36.142400
6.627415999999998,0.233154296875,0.233154296875,0.135498046875,0.135498046875,22:05:36.150675
6.633491999999999,0.233154296875,0.233154296875,0.13671875,0.13671875,22:05:36.155120
6.639564,0.2325439453125,0.2325439453125,0.13427734375,0.13427734375,22:05:36.162972
6.6456599999999995,0.2349853515625,0.2349853515625,0.135498046875,0.135498046875,22:05:36.167196
6.651743999999999,0.2337646484375,0.2337646484375,0.135498046875,0.135498046875,22:05:36.174790
